age,toss,score
4.0,-4.42,-7.38
4.0,-4.42,-10.32
4.0,-0.10,0.17
4.0,0.97,1.21
4.0,-4.42,-10.32
4.0,2.28,1.88
4.0,-0.69,-9.07
4.0,-4.42,-10.32
4.0,-0.69,0.41
4.2,-0.69,-4.70
4.5,-1.52,0.85
4.5,-1.26,-0.23
4.6,-1.26,0.82
5.1,-1.17,0.25
5.1,-0.10,1.07
5.2,-1.17,-1.32
5.2,0.17,0.38
6.0,-1.15,0.73
6.0,-0.69,-9.07
6.1,-3.53,0.18
6.2,-3.53,-0.41
6.3,-0.69,0.42
6.8,-0.30,1.01
6.9,-0.11,1.44
7.2,-1.26,0.65
7.7,-0.42,0.22
7.8,0.50,0.65
8.0,-0.42,-4.52
8.4,-1.26,0.58
8.7,-1.26,0.05
8.7,0.82,1.66
9.1,-1.62,-0.16
9.2,-1.28,-0.01
9.4,-1.28,0.28
9.4,1.27,1.72
9.8,-1.37,0.36
9.8,-1.67,-0.15
10.1,-4.42,-5.94
10.2,-0.70,1.17
10.2,-1.28,0.71
10.4,0.48,1.53
10.8,-0.25,1.05
10.9,0.92,0.92
10.9,0.24,1.00
11.0,-0.12,-4.95
11.0,-1.53,0.56
11.2,-0.42,-0.98
11.2,-1.17,0.92
11.6,1.59,1.71
12.7,1.27,0.77
12.7,0.63,1.21
12.7,-0.65,0.94
12.7,-0.80,0.94
12.8,-0.69,-8.18
13.1,-0.18,0.57
13.1,-0.18,0.57
13.2,-4.42,0.02
13.2,0.67,1.65
13.3,1.19,0.51
13.3,0.33,0.53
13.5,-0.30,0.93
13.7,-0.93,0.55
13.8,0.92,1.07
13.8,-1.28,0.30
13.9,0.01,1.23
14.3,-0.91,0.69
14.6,1.44,1.17
14.6,-0.41,1.19
14.6,0.35,1.40
14.7,-4.42,-6.37
14.8,-1.44,0.94
14.8,0.17,0.07
14.9,0.11,1.39
15.0,-1.28,0.52
15.0,-0.48,-4.49
15.1,-4.42,-0.09
15.1,1.23,1.37
15.1,-0.24,0.74
15.1,-3.53,-0.20
15.3,0.45,1.07
15.3,-4.42,-0.55
15.3,-2.08,-1.63
15.4,0.73,1.46
15.5,-0.69,0.54
15.5,-4.42,-0.33
15.5,0.32,1.54
15.6,-1.44,-0.47
15.6,-0.40,0.76
15.7,0.59,1.17
15.8,-0.69,1.10
15.8,-1.92,0.37
15.8,0.97,1.89
15.9,-0.13,0.79
15.9,-4.42,-0.84
15.9,-0.32,0.89
16.0,-1.42,0.71
16.0,0.35,1.19
16.1,-0.34,0.96
16.2,1.70,1.78
16.3,0.29,0.85
16.4,-1.28,-4.97
16.4,0.87,0.93
16.6,0.61,0.68
16.7,0.33,-4.73
16.7,-1.40,0.54
16.7,0.59,0.84
16.8,0.17,0.80
16.8,0.35,0.80
16.8,1.35,1.55
16.8,-0.19,1.09
16.9,0.40,1.02
17.0,1.76,1.59
17.0,0.69,1.57
17.0,-4.42,-1.50
17.0,-0.09,0.21
17.1,1.70,0.35
17.1,0.52,0.45
17.3,-1.70,0.52
17.3,-0.82,-0.24
17.4,-4.42,-0.30
17.4,-0.53,0.48
17.4,0.47,1.41
17.4,-0.42,-0.46
17.4,-4.42,-0.49
17.4,-0.91,-0.27
17.4,0.40,0.28
17.5,0.05,0.87
17.5,-1.53,-0.55
17.5,-0.72,0.70
17.5,-1.28,0.49
17.5,-0.32,-0.06
17.6,0.25,0.43
17.6,0.79,1.36
17.6,-1.28,0.68
17.6,-1.44,-0.31
17.6,-1.05,0.12
17.7,-0.38,0.94
17.7,0.23,-0.43
17.8,0.69,-2.46
17.8,0.19,0.35
17.9,-0.60,-0.49
17.9,1.35,1.07
17.9,-1.28,0.64
18.0,-0.61,0.71
18.0,-0.58,-0.21
18.0,0.37,1.19
18.0,-1.28,0.26
18.0,1.06,-0.93
18.1,-0.08,1.06
18.1,-0.59,1.06
18.1,0.87,0.89
18.1,-0.97,0.67
18.1,1.06,1.12
18.2,-1.66,0.11
18.2,1.39,-4.34
18.2,-0.69,0.61
18.2,0.71,1.04
18.3,-0.26,0.48
18.3,-1.57,0.56
18.3,0.36,1.08
18.4,0.14,1.47
18.4,0.11,1.14
18.4,1.91,-4.12
18.4,-2.59,-0.87
18.4,0.35,-3.77
18.4,-0.27,0.01
18.4,0.07,0.98
18.5,-0.10,0.54
18.5,-0.76,-0.32
18.5,-1.86,0.26
18.5,-1.28,-0.21
18.5,-1.44,0.47
18.5,0.79,1.20
18.6,1.59,1.74
18.6,-0.85,0.82
18.6,0.14,1.16
18.7,0.59,1.42
18.7,0.75,0.96
18.7,1.31,0.81
18.7,1.06,-1.74
18.7,-0.10,1.06
18.7,0.14,-2.36
18.8,-4.42,-0.17
18.8,1.19,1.24
18.9,1.19,0.59
18.9,0.87,1.26
18.9,1.35,0.15
18.9,0.89,0.74
18.9,1.06,0.98
19.0,1.00,0.74
19.0,-4.42,-6.36
19.0,0.39,0.99
19.0,0.32,1.25
19.0,-0.37,0.73
19.0,1.09,1.50
19.1,-0.72,0.91
19.1,0.45,-3.44
19.1,-0.01,1.43
19.1,-2.43,-0.17
19.1,-2.43,-0.17
19.2,0.94,0.51
19.2,-0.69,0.24
19.2,-0.21,-4.42
19.2,-0.91,0.91
19.3,-0.82,-2.06
19.4,0.29,0.30
19.4,-4.42,-0.82
19.4,1.53,0.41
19.4,-1.17,0.47
19.4,0.45,0.93
19.4,0.37,1.31
19.4,0.40,1.27
19.4,0.24,0.85
19.4,1.70,0.88
19.4,0.29,0.69
19.5,0.33,1.13
19.6,-4.42,-0.19
19.6,0.01,-4.51
19.6,0.97,0.84
19.6,0.71,0.72
19.6,0.40,1.03
19.6,-0.98,0.74
19.6,0.39,0.85
19.6,0.69,1.21
19.6,1.44,1.53
19.7,-1.26,0.53
19.7,0.82,1.21
19.7,0.92,0.66
19.7,1.91,1.31
19.7,0.94,1.54
19.8,0.92,-3.89
19.8,0.33,1.16
19.8,-2.21,-0.24
19.8,1.19,-4.37
19.8,-0.25,-5.50
19.8,1.06,1.24
19.8,-1.53,-4.86
19.9,-1.26,0.22
19.9,0.69,0.57
19.9,0.55,0.94
19.9,-0.91,0.60
19.9,0.00,0.50
19.9,-1.31,0.10
20.0,0.52,1.11
20.0,0.21,0.89
20.0,-0.59,0.19
20.0,-0.41,0.71
20.0,0.92,1.84
20.1,-0.59,0.58
20.1,0.15,0.86
20.1,-3.50,-0.05
20.1,-0.70,1.02
20.1,-0.44,0.61
20.1,1.12,1.29
20.2,-0.69,0.13
20.2,0.18,0.81
20.2,-3.53,-0.15
20.2,-1.44,0.96
20.3,1.06,1.09
20.3,-3.53,-0.44
20.3,0.69,-4.83
20.3,1.19,1.45
20.4,0.21,0.83
20.4,0.52,0.61
20.4,1.06,1.34
20.4,1.59,0.41
20.4,-0.25,1.23
20.4,0.23,1.27
20.4,0.23,0.40
20.4,1.23,1.63
20.5,-2.04,0.62
20.5,-0.80,0.98
20.5,0.30,1.30
20.5,-0.53,1.02
20.6,-1.62,0.46
20.6,-1.04,-0.12
20.7,-1.61,-0.27
20.7,0.77,1.33
20.7,-1.26,-0.13
20.7,2.08,1.82
20.9,1.03,1.31
20.9,-0.93,1.00
20.9,-1.17,-4.82
20.9,-0.59,1.02
20.9,0.82,1.40
21.0,0.71,0.92
21.1,-0.25,0.56
21.1,-0.91,0.99
21.1,1.03,0.68
21.1,-0.10,-0.09
21.2,-0.76,0.28
21.2,-0.69,0.82
21.2,1.03,1.42
21.2,-4.42,-1.89
21.2,0.63,0.76
21.3,0.44,0.73
21.3,1.70,0.78
21.3,0.01,1.16
21.3,-0.21,0.82
21.3,-0.16,0.76
21.3,-0.95,0.16
21.4,-0.59,0.80
21.4,-0.69,0.84
21.4,-1.26,0.76
21.4,0.33,0.79
21.5,-3.53,-0.40
21.5,0.33,0.30
21.5,-0.69,-0.20
21.5,1.48,1.44
21.5,1.19,0.83
21.5,-0.30,0.84
21.6,1.76,0.88
21.6,-0.71,0.71
21.6,0.67,1.31
21.6,0.65,0.74
21.7,-1.44,0.70
21.7,0.67,0.54
21.7,0.00,0.96
21.7,-0.82,0.70
21.7,1.70,1.22
21.7,1.31,1.39
21.7,0.12,1.24
21.7,-1.70,0.28
21.8,0.67,0.93
21.8,-0.25,0.42
21.8,-0.42,1.26
21.9,-4.42,-0.94
21.9,0.97,1.27
21.9,-0.80,0.49
21.9,0.69,1.02
21.9,-0.13,0.20
22.0,1.91,1.08
22.0,-3.53,-0.87
22.0,-0.72,0.76
22.1,1.12,1.32
22.1,-1.44,0.00
22.1,-0.12,1.04
22.2,0.15,0.32
22.2,-0.49,-0.76
22.2,0.94,1.26
22.3,-3.50,-8.12
22.3,-0.69,0.64
22.3,0.37,1.31
22.3,0.20,1.09
22.3,0.33,1.14
22.4,0.37,0.85
22.4,-1.28,0.21
22.4,0.69,1.41
22.4,1.19,1.32
22.4,-0.69,0.68
22.4,0.65,1.15
22.5,0.52,0.99
22.5,1.06,1.37
22.5,-0.69,0.20
22.5,-1.53,0.80
22.5,0.40,0.77
22.6,0.67,1.23
22.6,1.48,1.33
22.6,-0.25,0.80
22.6,1.06,1.05
22.6,0.37,1.31
22.6,0.40,0.54
22.7,0.69,0.46
22.7,1.06,1.17
22.7,-0.69,0.65
22.7,0.42,0.39
22.7,-0.53,0.72
22.8,0.77,1.26
22.8,1.91,0.68
22.8,-3.50,-6.03
22.8,-0.82,-0.14
22.8,-0.22,0.98
22.8,0.52,1.48
22.9,0.24,-1.78
22.9,0.37,0.89
22.9,-2.43,-0.20
22.9,0.89,0.32
22.9,1.19,1.27
22.9,-3.53,-0.09
22.9,-0.34,0.83
22.9,-0.59,0.54
22.9,0.33,1.04
22.9,0.09,0.28
23.0,-1.31,-1.66
23.0,-1.26,0.73
23.0,0.39,1.13
23.0,0.82,0.91
23.0,0.84,0.91
23.0,-4.42,-1.01
23.1,-0.33,0.26
23.1,0.40,0.78
23.1,-0.69,0.16
23.1,-0.01,0.61
23.1,-0.01,0.56
23.2,0.84,0.93
23.2,-0.04,1.18
23.2,-4.42,-0.05
23.2,0.69,1.19
23.2,-0.11,0.97
23.2,-1.62,0.45
23.3,-0.82,-3.18
23.3,0.35,1.06
23.3,0.33,1.04
23.3,-0.01,0.70
23.3,1.35,1.84
23.4,-0.76,-0.79
23.4,0.69,1.17
23.4,-0.10,-0.51
23.4,1.19,1.27
23.4,0.32,1.01
23.4,0.37,1.22
23.4,-1.62,-0.31
23.4,0.89,1.23
23.4,0.84,0.71
23.5,0.11,-1.59
23.5,-0.68,-0.21
23.5,-1.04,0.86
23.5,1.59,1.83
23.5,-4.42,-0.17
23.5,0.67,1.12
23.5,-0.07,1.08
23.6,0.82,1.36
23.6,0.45,0.57
23.7,-1.26,0.40
23.7,0.12,0.92
23.7,0.06,0.40
23.7,1.39,1.37
23.7,0.33,1.24
23.7,0.25,1.23
23.7,0.17,-4.87
23.7,1.27,0.61
23.8,-0.25,-5.98
23.8,-1.44,0.12
23.8,1.06,1.13
23.8,1.19,1.69
23.8,-3.53,-0.08
23.8,-0.24,0.56
23.8,1.44,1.19
23.8,-1.44,0.33
23.8,0.65,1.01
23.9,-0.91,0.82
23.9,-0.01,-4.73
23.9,-1.28,-1.05
23.9,0.40,-1.68
23.9,2.72,1.03
23.9,-0.61,-0.17
23.9,0.33,0.48
23.9,-4.42,-0.47
23.9,0.42,0.54
24.0,-0.70,0.34
24.0,0.29,-1.97
24.0,-2.43,-1.32
24.0,-0.64,0.24
24.1,0.40,-4.57
24.1,-1.28,0.41
24.1,0.63,0.83
24.1,0.25,1.02
24.1,-0.69,1.32
24.1,-0.64,0.74
24.1,-0.73,-0.21
24.2,0.24,1.17
24.2,-0.27,0.29
24.2,1.19,1.00
24.2,-0.44,0.81
24.2,0.69,0.97
24.2,0.65,-4.55
24.2,-0.89,0.15
24.2,-1.02,-0.51
24.2,0.92,1.48
24.2,0.97,1.26
24.2,-1.28,0.98
24.3,-1.10,-4.93
24.3,-2.43,0.43
24.3,0.42,-0.19
24.3,0.37,1.39
24.3,0.06,0.86
24.3,-0.09,1.34
24.4,-2.08,0.30
24.4,-1.28,0.67
24.4,-0.59,1.02
24.4,1.91,1.83
24.4,0.36,0.88
24.4,0.59,1.38
24.4,1.59,0.98
24.4,0.52,1.05
24.4,0.67,1.16
24.4,0.94,0.38
24.4,-0.82,0.81
24.5,1.03,1.19
24.5,-3.53,0.11
24.5,1.44,1.40
24.6,0.69,1.16
24.6,0.55,-4.41
24.6,1.03,1.25
24.6,1.06,1.39
24.6,-0.25,0.43
24.6,1.06,1.22
24.6,0.12,1.26
24.6,-0.37,-0.78
24.7,-1.28,0.08
24.7,-0.59,0.60
24.7,0.23,0.63
24.7,-0.25,0.47
24.7,-0.65,-0.13
24.7,-0.41,0.47
24.7,0.89,1.14
24.8,0.52,-0.31
24.8,1.35,1.38
24.8,-0.30,0.01
24.8,0.24,1.27
24.8,0.67,0.06
24.8,-0.13,0.60
24.8,-2.58,-0.05
24.9,0.59,1.01
24.9,1.23,1.60
24.9,-0.72,0.78
24.9,-0.69,-9.07
24.9,1.09,1.06
24.9,0.63,0.98
24.9,1.44,1.12
24.9,-1.08,0.20
24.9,-4.42,-4.11
24.9,1.48,1.54
25.0,-1.19,0.80
25.0,-0.53,0.55
25.0,-4.42,-0.67
25.0,0.36,1.44
25.0,0.71,1.28
25.0,0.71,0.74
25.0,-1.28,0.56
25.0,-0.97,0.37
25.1,0.67,0.97
25.1,1.06,1.08
25.1,0.13,0.98
25.1,0.89,1.04
25.1,0.61,1.31
25.2,-0.08,0.81
25.2,-1.70,0.63
25.2,0.77,1.03
25.2,1.39,1.32
25.2,0.50,0.91
25.2,-0.72,0.52
25.2,-0.11,0.77
25.2,-0.19,0.67
25.2,0.67,0.74
25.2,0.97,1.04
25.2,0.67,1.50
25.2,0.97,1.25
25.2,1.59,0.90
25.3,-0.69,1.03
25.3,-0.49,1.04
25.3,0.33,1.08
25.3,0.40,1.44
25.3,1.53,1.23
25.3,0.08,1.35
25.4,0.33,1.19
25.4,-0.58,0.46
25.4,0.82,0.82
25.4,0.00,0.70
25.4,-4.42,-0.33
25.4,-0.59,0.23
25.4,-0.08,1.09
25.4,0.42,1.06
25.4,-1.28,-0.64
25.4,-0.19,-0.24
25.4,0.09,-0.23
25.5,-0.72,0.58
25.5,0.32,0.72
25.5,-1.28,0.09
25.5,2.72,1.65
25.5,0.17,0.55
25.5,-0.10,0.64
25.5,-0.16,-0.45
25.6,-2.06,0.64
25.6,-0.59,0.25
25.6,-0.14,0.92
25.6,-0.06,0.62
25.6,-0.82,0.90
25.6,0.75,0.97
25.6,-0.30,1.04
25.6,-0.09,0.74
25.6,-3.50,0.07
25.7,-0.80,-5.00
25.7,-0.32,1.15
25.7,1.00,0.49
25.7,1.00,0.49
25.7,-0.30,1.38
25.7,-0.80,0.26
25.7,0.67,1.03
25.7,-1.48,-0.18
25.7,1.06,1.15
25.7,0.65,0.61
25.8,1.23,1.37
25.8,1.91,1.76
25.8,0.50,1.43
25.8,-2.59,0.25
25.8,0.77,0.73
25.8,-0.30,0.00
25.9,0.01,1.25
25.9,-4.42,-10.32
25.9,0.32,1.21
25.9,1.19,1.23
25.9,-0.19,0.98
25.9,-1.62,-0.02
25.9,-0.80,0.65
25.9,-0.69,0.13
25.9,0.69,0.86
25.9,-0.76,0.77
25.9,1.70,1.78
25.9,-2.18,0.06
25.9,0.69,0.76
25.9,1.06,0.96
25.9,-0.26,0.97
25.9,-0.72,0.58
25.9,1.06,1.24
25.9,0.67,0.73
26.0,-0.93,0.80
26.0,-0.14,1.07
26.0,-1.77,0.46
26.0,1.39,0.00
26.0,1.19,1.81
26.0,0.33,1.12
26.0,0.36,1.55
26.0,0.35,0.19
26.0,-0.33,0.93
26.0,-0.31,0.65
26.0,0.73,1.49
26.0,0.77,0.49
26.1,-0.04,0.55
26.1,0.01,0.34
26.1,0.82,1.10
26.1,0.71,0.81
26.1,1.06,1.51
26.1,0.25,0.99
26.1,-1.53,0.65
26.1,0.89,0.89
26.1,-0.09,0.64
26.1,2.28,1.00
26.1,1.39,1.36
26.2,-0.11,0.06
26.2,-1.42,0.49
26.2,1.06,1.24
26.2,-0.72,0.65
26.2,1.48,1.13
26.2,-1.44,0.55
26.2,0.12,1.19
26.3,0.73,0.44
26.3,0.39,0.51
26.3,1.06,1.12
26.3,1.27,1.18
26.3,1.91,0.93
26.3,-1.05,0.78
26.3,0.82,0.49
26.3,0.67,1.13
26.3,-0.27,0.67
26.4,-0.43,0.44
26.4,0.55,0.73
26.4,1.06,1.33
26.4,-3.53,0.16
26.4,1.06,0.92
26.4,1.39,1.31
26.4,0.33,1.25
26.4,-0.59,0.94
26.4,-1.40,0.45
26.4,-1.08,0.61
26.5,-0.42,0.58
26.5,-0.09,0.97
26.5,1.48,1.10
26.5,-0.40,0.95
26.5,-1.66,-0.28
26.5,-0.57,0.52
26.5,-0.82,0.50
26.5,-1.66,0.27
26.5,-0.01,1.06
26.5,0.45,1.03
26.6,1.44,0.81
26.6,1.91,1.63
26.6,-0.20,0.88
26.6,0.94,0.68
26.6,0.65,1.15
26.6,0.36,0.57
26.6,1.19,0.48
26.6,-2.32,-1.50
26.6,-0.45,1.12
26.6,0.37,0.84
26.6,0.77,1.50
26.6,0.40,1.00
26.6,-0.59,1.23
26.7,-1.28,0.46
26.7,0.10,0.77
26.7,1.76,1.51
26.7,-1.70,0.54
26.7,0.55,0.95
26.8,-0.64,0.66
26.8,-2.63,-0.06
26.8,1.44,1.16
26.8,1.06,0.75
26.8,1.19,0.26
26.8,0.92,1.32
26.8,0.94,0.64
26.8,1.91,-4.53
26.8,-1.26,-3.73
26.8,-2.43,-0.02
26.8,0.52,1.32
26.8,-0.58,0.60
26.8,-0.53,0.74
26.8,0.33,1.42
26.8,0.94,0.91
26.8,1.27,1.76
26.9,-0.71,0.40
26.9,0.37,0.57
26.9,2.41,1.25
26.9,-0.19,0.22
26.9,-1.67,0.78
26.9,-0.30,0.96
26.9,0.42,0.93
27.0,-0.64,0.72
27.0,0.33,1.06
27.0,1.19,1.51
27.0,0.77,-0.17
27.0,0.35,1.06
27.0,-1.28,0.46
27.0,-1.44,0.63
27.0,1.31,0.98
27.0,-0.09,0.91
27.0,0.37,0.99
27.1,0.23,1.12
27.1,-4.42,-0.40
27.1,-0.30,0.62
27.1,1.23,1.68
27.1,0.87,1.31
27.1,-1.28,0.17
27.1,-0.34,0.57
27.2,1.76,1.51
27.2,-4.42,-0.35
27.2,-0.25,1.07
27.2,0.11,0.65
27.2,0.35,0.72
27.2,1.91,1.53
27.2,0.82,1.22
27.2,1.31,0.88
27.2,0.37,0.91
27.2,0.40,1.19
27.2,-1.37,0.34
27.2,1.23,1.10
27.2,0.11,1.19
27.2,-1.05,0.78
27.2,0.33,0.48
27.2,-1.28,0.38
27.2,-0.85,1.13
27.2,0.21,1.00
27.2,-1.28,0.29
27.2,-0.18,0.87
27.2,-0.59,0.22
27.3,-1.40,0.48
27.3,1.19,1.40
27.3,0.42,0.98
27.3,0.77,0.32
27.3,0.47,0.60
27.3,-0.27,1.18
27.3,0.36,0.10
27.3,0.84,1.44
27.3,-0.42,-2.12
27.3,-0.74,0.66
27.4,1.35,1.18
27.4,-0.41,-4.50
27.4,1.06,0.93
27.4,-1.56,-1.52
27.4,0.84,0.68
27.4,1.44,1.00
27.4,0.87,0.89
27.4,1.53,-1.85
27.4,-0.53,0.34
27.4,-0.27,0.88
27.4,-1.28,0.29
27.4,-0.59,0.62
27.5,-1.53,0.23
27.5,0.33,0.69
27.5,-0.30,0.39
27.5,1.03,1.13
27.5,-0.64,0.77
27.5,-1.83,-0.19
27.5,0.36,1.14
27.5,0.77,0.93
27.5,1.48,1.25
27.5,-0.19,0.54
27.5,-0.14,0.41
27.6,-0.69,-0.03
27.6,0.03,0.26
27.6,-0.21,0.57
27.6,0.42,0.49
27.6,0.14,0.30
27.6,0.69,-0.14
27.6,-3.53,-0.27
27.6,1.31,1.44
27.6,1.44,1.28
27.6,0.25,0.22
27.6,0.39,0.75
27.6,-0.14,0.34
27.7,0.67,1.24
27.7,-0.80,0.94
27.7,-0.01,0.75
27.7,0.52,1.03
27.7,-4.42,-1.30
27.7,1.27,1.05
27.7,1.27,1.13
27.7,0.23,0.14
27.8,-0.42,-5.52
27.8,-0.10,1.18
27.8,-0.21,0.88
27.8,-0.91,0.85
27.8,1.03,1.19
27.8,-0.30,0.63
27.8,-0.69,0.09
27.8,2.08,1.20
27.8,0.37,1.04
27.8,0.25,0.35
27.9,0.71,1.16
27.9,-1.04,0.03
27.9,0.44,0.95
27.9,-1.86,0.57
27.9,0.67,1.36
27.9,0.94,1.47
27.9,1.91,2.00
28.0,0.32,0.96
28.0,0.20,0.37
28.0,-0.19,0.75
28.0,-0.37,0.48
28.0,-0.59,0.70
28.0,0.07,1.41
28.0,-1.62,-0.42
28.0,0.94,0.92
28.0,-4.42,-1.10
28.0,2.08,2.18
28.1,0.39,1.26
28.1,1.06,1.31
28.1,-0.25,0.50
28.1,0.29,0.51
28.1,0.40,1.07
28.1,0.30,1.09
28.1,1.00,0.51
28.1,0.13,1.04
28.1,-0.69,1.13
28.1,1.19,1.33
28.2,-0.43,0.19
28.2,0.84,0.22
28.2,1.06,1.71
28.2,0.39,0.44
28.2,0.63,0.64
28.2,1.06,1.39
28.2,-0.14,1.25
28.2,1.59,1.31
28.2,-0.59,0.93
28.2,0.63,-0.11
28.2,-0.08,0.74
28.2,0.87,0.82
28.2,-1.28,0.50
28.3,0.11,0.98
28.3,-0.42,0.79
28.3,0.82,1.33
28.3,0.25,0.50
28.3,-1.14,0.67
28.3,0.87,1.04
28.3,-0.40,0.85
28.3,0.28,1.39
28.3,-0.11,0.84
28.3,-1.26,1.12
28.4,-0.85,0.85
28.4,-1.28,0.96
28.4,-1.01,1.09
28.4,0.32,0.98
28.4,0.40,1.22
28.4,0.82,1.02
28.4,-0.47,-0.02
28.4,-1.28,0.20
28.4,-0.34,0.95
28.4,0.33,1.23
28.4,0.25,1.09
28.4,-0.21,0.80
28.4,0.52,0.92
28.4,0.15,0.80
28.5,0.50,0.83
28.5,-0.57,0.64
28.5,1.53,1.46
28.5,0.92,1.64
28.5,-0.25,-0.43
28.5,0.20,1.22
28.5,-1.14,-0.54
28.5,0.77,1.50
28.5,0.47,1.20
28.5,1.39,1.16
28.5,0.37,1.01
28.5,1.06,0.83
28.6,0.87,0.90
28.6,1.06,1.16
28.6,-0.06,0.77
28.6,0.08,1.35
28.6,-0.42,1.12
28.6,-0.59,0.07
28.6,-0.69,0.67
28.6,0.30,1.07
28.6,0.08,0.83
28.6,1.91,1.42
28.6,-0.87,0.40
28.6,-0.79,0.16
28.7,0.71,0.65
28.7,-1.28,0.38
28.7,-0.25,0.38
28.7,-1.28,0.56
28.7,-2.21,0.35
28.7,-3.53,0.06
28.7,-1.28,-0.43
28.7,0.52,0.68
28.7,-1.80,0.35
28.7,-1.62,0.18
28.7,0.24,1.13
28.7,0.24,1.12
28.7,1.03,1.48
28.7,-2.43,0.35
28.8,-0.02,0.23
28.8,-1.48,-5.40
28.8,-0.10,0.88
28.8,0.24,0.63
28.8,-0.53,1.05
28.8,0.23,1.18
28.9,0.40,0.42
28.9,-1.32,-0.19
28.9,-0.06,0.99
28.9,-0.30,0.57
28.9,0.33,0.63
28.9,0.47,1.01
28.9,-0.27,-3.36
28.9,-0.12,0.94
28.9,-0.59,0.77
28.9,-2.05,0.18
28.9,-1.28,0.42
28.9,0.29,-0.61
28.9,-2.65,-1.95
28.9,0.77,0.66
28.9,1.31,0.29
29.0,-0.30,0.36
29.0,0.67,0.98
29.0,-0.42,0.19
29.0,0.39,0.96
29.0,-0.80,0.90
29.0,1.91,1.77
29.0,-0.59,0.90
29.0,-0.72,0.00
29.0,0.53,1.06
29.0,-1.28,0.91
29.0,0.94,1.48
29.0,1.39,1.07
29.0,0.28,0.40
29.0,0.24,1.03
29.1,0.67,0.44
29.1,0.21,0.53
29.1,0.33,0.89
29.1,-0.71,0.46
29.1,0.87,1.36
29.1,0.82,0.25
29.1,1.00,1.34
29.1,1.23,0.88
29.1,0.69,1.07
29.1,0.47,0.76
29.1,-0.25,1.14
29.1,0.63,1.30
29.1,-1.48,-0.67
29.1,0.69,0.97
29.2,1.03,1.50
29.2,-0.24,0.68
29.2,0.77,0.21
29.2,-1.28,0.19
29.2,-1.48,-0.82
29.2,1.48,1.42
29.2,-1.28,0.80
29.2,0.40,1.46
29.2,-2.59,0.30
29.3,-0.25,-1.42
29.3,1.12,0.39
29.3,0.63,0.93
29.3,-0.77,0.64
29.3,-0.21,1.41
29.3,-0.37,0.75
29.3,0.18,0.89
29.3,-0.19,0.99
29.3,0.00,0.65
29.3,0.53,1.05
29.3,0.33,0.53
29.3,-1.28,0.25
29.3,-0.69,0.47
29.3,-0.53,1.38
29.4,-1.53,-5.29
29.4,-0.59,-0.41
29.4,-0.34,0.51
29.4,0.87,1.11
29.4,-0.07,1.37
29.4,-1.67,0.15
29.4,-0.88,0.54
29.4,1.31,1.04
29.4,0.02,0.79
29.4,-0.48,0.59
29.4,-0.53,1.08
29.5,0.33,-0.70
29.5,0.09,0.56
29.5,-0.24,0.67
29.5,1.27,1.53
29.5,-0.72,1.02
29.5,0.32,1.45
29.5,0.24,1.46
29.5,-0.10,1.22
29.5,-1.36,-5.00
29.5,-4.42,-0.11
29.6,1.44,1.69
29.6,-0.49,0.81
29.6,-0.37,0.76
29.6,-0.66,1.00
29.6,-0.36,0.53
29.6,0.35,0.90
29.6,1.31,1.20
29.6,1.12,0.71
29.6,-0.19,0.94
29.6,0.52,0.87
29.6,0.09,-0.32
29.6,-0.24,0.11
29.7,0.20,0.91
29.7,0.87,0.79
29.7,0.20,0.53
29.7,0.73,0.16
29.7,1.91,1.70
29.7,1.19,1.03
29.7,1.03,0.77
29.7,-1.28,0.59
29.7,0.11,1.11
29.7,2.41,-3.73
29.7,-0.69,0.95
29.7,1.83,1.35
29.8,-1.44,0.14
29.8,0.33,0.63
29.8,0.21,0.84
29.8,-2.43,0.19
29.8,0.14,0.82
29.8,-0.57,0.89
29.8,-0.10,0.43
29.8,-1.14,-0.89
29.8,-0.30,0.83
29.8,1.76,0.93
29.8,-0.12,1.33
29.8,1.53,1.21
29.9,-1.28,0.69
29.9,-4.42,-1.35
29.9,-0.59,0.58
29.9,0.59,0.86
29.9,-4.42,-0.12
29.9,-1.67,0.87
29.9,-0.74,-0.84
29.9,-1.26,0.79
29.9,0.39,1.41
29.9,-1.28,0.33
29.9,0.92,0.91
30.0,-0.02,0.96
30.0,-1.28,1.11
30.0,-0.42,0.78
30.0,-2.85,-0.22
30.0,0.92,0.92
30.0,-0.56,0.89
30.0,1.06,1.41
30.0,-0.91,0.59
30.0,-0.42,-0.19
30.1,-0.69,-9.07
30.1,0.67,0.67
30.1,1.35,1.19
30.1,-1.15,0.25
30.1,1.91,1.57
30.1,-0.80,0.73
30.2,0.77,1.48
30.2,1.06,1.29
30.2,-0.12,-0.73
30.2,-0.59,0.92
30.2,-0.25,0.59
30.2,0.52,-0.66
30.2,-1.44,0.76
30.2,-0.69,0.62
30.2,0.67,0.67
30.2,0.29,1.19
30.2,0.63,1.24
30.2,1.19,1.18
30.2,1.35,0.80
30.2,-1.53,0.78
30.2,0.21,1.06
30.2,0.52,0.04
30.2,-2.43,0.00
30.3,-4.42,-6.26
30.3,-0.72,0.38
30.3,1.48,1.22
30.3,-0.59,0.48
30.3,0.82,1.22
30.3,1.03,1.48
30.3,0.29,0.15
30.3,-1.53,0.24
30.3,1.91,1.08
30.3,0.40,0.76
30.3,0.36,1.37
30.3,0.14,0.88
30.3,-0.59,1.23
30.4,0.37,0.98
30.4,1.23,0.57
30.4,-0.25,0.57
30.4,1.39,1.21
30.4,-1.28,0.41
30.5,-0.45,0.43
30.5,1.06,1.34
30.5,0.36,0.94
30.5,0.17,0.84
30.5,0.61,1.12
30.5,0.23,1.03
30.5,-0.09,0.09
30.6,0.69,1.18
30.6,1.06,0.96
30.6,0.39,0.96
30.6,-0.34,0.85
30.6,1.91,1.41
30.6,-1.26,0.00
30.6,1.23,0.33
30.6,0.39,0.99
30.6,-0.69,1.05
30.6,-0.59,-0.07
30.6,-1.62,-0.11
30.6,-1.01,0.63
30.6,-2.71,0.44
30.6,0.33,1.28
30.6,-2.09,-0.19
30.6,-4.42,-0.73
30.6,-0.01,0.39
30.7,-0.76,0.76
30.7,0.77,1.44
30.7,-0.80,-0.49
30.7,-0.68,0.55
30.7,0.36,1.40
30.7,-0.59,0.77
30.7,1.39,1.43
30.7,0.84,0.86
30.7,-1.08,-3.38
30.7,0.69,0.70
30.7,-0.34,0.55
30.7,0.84,1.62
30.7,-1.26,0.54
30.8,-2.43,0.32
30.8,-0.68,0.88
30.8,-1.26,-0.27
30.8,-0.68,0.94
30.8,0.29,0.92
30.8,0.40,0.76
30.8,0.40,0.76
30.8,-0.69,0.52
30.9,0.11,0.05
30.9,-3.53,-0.19
30.9,0.63,0.60
30.9,-0.69,0.92
30.9,0.21,1.02
30.9,-1.28,0.12
30.9,0.21,0.98
30.9,0.92,1.74
30.9,-4.42,-6.02
30.9,-2.18,0.11
31.0,0.50,1.00
31.0,-1.28,0.02
31.0,0.33,-4.56
31.0,0.30,1.09
31.0,-1.08,0.69
31.0,-1.19,0.32
31.0,0.89,0.78
31.0,-2.43,0.29
31.0,0.40,0.98
31.0,0.39,1.42
31.0,-0.59,0.53
31.0,-0.04,0.67
31.0,-0.24,0.53
31.0,0.50,1.12
31.1,0.89,1.73
31.1,0.55,0.50
31.1,0.63,1.25
31.1,-0.19,0.15
31.1,-2.44,-0.57
31.1,-2.58,0.29
31.1,0.18,0.59
31.1,-2.21,-1.36
31.1,0.17,-1.74
31.1,0.33,0.85
31.1,0.65,1.57
31.1,-1.28,0.27
31.2,-0.65,-4.92
31.2,-1.04,-0.15
31.2,2.41,2.00
31.2,1.53,1.99
31.2,-3.53,0.13
31.2,1.23,0.90
31.2,0.52,0.84
31.2,0.67,1.23
31.2,0.42,0.37
31.2,0.94,0.78
31.2,1.19,1.00
31.3,0.42,0.54
31.3,0.94,1.50
31.3,-0.53,0.87
31.3,0.17,1.08
31.3,-1.28,0.48
31.3,1.09,0.52
31.3,0.17,1.02
31.3,-0.09,1.16
31.3,0.03,0.63
31.4,-0.19,0.36
31.4,1.70,0.95
31.4,0.52,1.45
31.4,0.52,-4.17
31.4,0.33,0.97
31.4,-1.26,0.21
31.4,0.53,1.40
31.4,0.63,-0.18
31.4,-0.75,0.94
31.4,0.29,0.00
31.4,-0.82,0.51
31.4,-0.27,0.20
31.4,0.97,1.45
31.4,-1.44,0.36
31.4,-0.39,-4.58
31.4,-0.45,-1.10
31.4,-0.77,0.85
31.4,-0.69,1.07
31.5,0.45,0.81
31.5,-0.82,0.78
31.5,0.97,1.38
31.5,-0.62,0.93
31.5,0.42,0.73
31.5,0.35,0.68
31.5,0.07,1.03
31.5,-0.66,1.09
31.5,0.33,1.29
31.5,0.37,0.18
31.6,-1.53,0.92
31.6,-1.00,0.00
31.6,-4.42,-0.82
31.6,-0.02,0.43
31.6,-0.72,0.85
31.6,1.12,0.54
31.6,-1.42,0.62
31.6,0.63,1.29
31.6,2.28,1.91
31.6,0.92,1.43
31.6,-2.44,-0.16
31.7,0.67,0.77
31.7,-0.59,0.19
31.7,0.35,1.15
31.8,-0.09,1.24
31.8,-0.59,-4.66
31.8,-1.04,-0.04
31.8,-0.34,0.25
31.8,1.53,1.16
31.8,0.82,1.20
31.8,1.06,1.52
31.8,1.91,1.05
31.8,1.23,1.77
31.8,0.23,0.61
31.8,-0.30,1.10
31.8,1.35,1.79
31.8,0.23,0.56
31.9,-0.41,0.56
31.9,0.30,1.18
31.9,-0.69,1.24
31.9,1.31,0.81
31.9,1.70,1.02
31.9,1.19,1.69
31.9,-0.65,0.76
32.0,-0.69,1.05
32.0,0.29,0.18
32.0,-4.42,-0.71
32.0,-3.09,-4.06
32.0,0.63,0.78
32.0,-0.27,1.03
32.0,-0.26,0.50
32.0,0.65,0.20
32.0,0.35,0.51
32.0,-4.42,-0.28
32.0,0.28,1.36
32.0,0.23,0.55
32.0,0.21,0.51
32.0,1.39,1.66
32.0,1.53,0.76
32.0,0.45,0.85
32.0,-0.19,0.76
32.0,-0.30,0.24
32.0,0.87,1.37
32.0,0.94,0.92
32.1,0.37,-0.28
32.1,0.24,1.15
32.1,-0.57,0.11
32.1,0.44,0.76
32.1,0.67,1.11
32.1,-0.40,0.38
32.1,1.31,0.88
32.1,0.65,1.54
32.2,-0.72,-0.58
32.2,0.23,1.10
32.2,0.21,0.74
32.2,-0.34,1.05
32.2,0.79,0.72
32.2,-0.53,0.35
32.2,0.21,0.93
32.2,-0.98,-0.35
32.2,1.06,0.94
32.2,0.37,0.65
32.2,0.45,0.77
32.2,-1.53,0.68
32.3,0.15,0.83
32.3,0.03,1.29
32.3,1.35,1.29
32.3,-0.27,0.07
32.3,0.52,0.87
32.3,-0.25,0.82
32.3,-1.01,0.34
32.3,0.69,0.84
32.4,-0.69,-5.84
32.4,1.19,0.47
32.4,0.25,0.35
32.4,2.08,1.12
32.4,1.16,1.02
32.4,-1.26,0.95
32.4,0.52,0.53
32.4,-0.72,0.54
32.4,-0.53,0.98
32.4,-0.80,0.40
32.4,2.28,2.08
32.5,0.11,1.30
32.5,0.30,0.89
32.5,-0.77,0.64
32.5,-0.59,0.44
32.5,1.39,1.18
32.5,-0.80,1.12
32.5,-0.76,0.89
32.6,-1.62,0.36
32.6,0.67,-0.26
32.6,-0.69,-2.57
32.6,-4.42,-0.22
32.6,0.73,0.91
32.6,-1.28,0.25
32.6,-3.38,-0.32
32.6,-0.03,1.39
32.6,-0.80,-0.25
32.6,1.39,1.38
32.6,1.59,1.76
32.7,-4.42,-5.88
32.7,-0.19,1.24
32.7,1.03,1.08
32.7,-1.40,0.56
32.7,0.67,0.49
32.7,-4.42,-0.72
32.7,-0.14,-0.32
32.7,0.47,1.06
32.7,-1.62,0.63
32.8,-0.42,0.38
32.8,-0.69,0.68
32.8,-0.80,0.65
32.8,-1.66,0.20
32.8,0.50,0.54
32.8,1.06,1.29
32.8,0.35,1.21
32.8,0.69,1.01
32.9,0.77,0.87
32.9,0.01,1.07
32.9,-3.53,-0.24
32.9,-0.66,-0.09
32.9,-0.09,0.77
32.9,0.67,1.31
32.9,0.61,1.06
32.9,0.94,1.33
32.9,0.33,0.90
32.9,-0.65,-4.66
32.9,0.59,1.22
32.9,0.75,1.19
33.0,0.97,0.80
33.0,-0.83,1.25
33.0,-0.31,0.67
33.0,-1.67,-0.32
33.0,1.06,0.77
33.0,1.19,1.63
33.0,1.03,1.34
33.0,-0.26,1.00
33.0,1.19,1.15
33.0,-0.53,0.62
33.0,0.94,1.06
33.0,-1.28,0.43
33.1,0.18,0.54
33.1,0.77,1.09
33.1,0.87,1.45
33.1,-0.69,0.79
33.1,-0.48,0.30
33.1,1.03,1.05
33.1,-0.08,0.70
33.1,-2.43,0.48
33.1,0.07,1.05
33.2,0.36,-4.54
33.2,0.97,1.07
33.2,-0.68,0.27
33.2,1.06,0.70
33.2,-1.44,0.32
33.2,0.25,0.66
33.2,0.00,0.37
33.2,-0.45,0.80
33.2,0.67,1.16
33.2,-3.53,-0.14
33.2,1.06,1.42
33.2,0.40,1.38
33.2,-1.28,0.73
33.2,-0.77,1.21
33.2,-0.82,-1.58
33.2,0.79,-1.00
33.2,1.06,-0.14
33.3,0.20,0.04
33.3,0.09,1.21
33.3,1.53,0.15
33.3,1.53,1.96
33.3,0.40,1.06
33.3,0.37,0.98
33.3,-1.28,0.76
33.3,0.94,1.60
33.3,1.19,1.34
33.3,-0.68,0.28
33.3,0.45,1.28
33.3,1.06,1.28
33.4,0.23,0.46
33.4,-4.42,-2.04
33.4,0.33,0.85
33.4,-4.42,-2.85
33.4,0.11,1.05
33.4,0.03,0.46
33.4,1.06,1.23
33.4,-1.33,0.87
33.4,-0.57,0.36
33.4,0.69,1.54
33.4,0.67,1.30
33.4,0.39,0.99
33.4,-0.98,0.43
33.4,-0.10,0.14
33.4,0.84,1.04
33.4,0.33,1.10
33.4,0.37,0.63
33.4,0.37,0.67
33.5,1.09,1.64
33.5,0.36,-4.66
33.5,-0.25,0.62
33.5,-0.53,0.77
33.5,0.33,0.91
33.5,0.94,-8.53
33.5,-0.01,0.54
33.5,1.59,1.15
33.5,0.18,0.56
33.5,0.07,0.43
33.5,0.33,0.89
33.5,0.07,0.43
33.5,-0.59,0.15
33.5,-4.42,-1.10
33.5,1.06,1.21
33.5,-0.48,0.64
33.5,0.61,1.24
33.6,0.71,-4.51
33.6,-0.47,0.23
33.6,-0.72,0.62
33.6,0.94,1.38
33.6,-0.19,-4.62
33.6,0.40,0.83
33.6,1.23,1.45
33.7,-0.21,0.18
33.7,0.23,0.85
33.7,-1.28,0.88
33.7,-0.66,0.03
33.7,0.89,0.80
33.7,0.23,0.73
33.7,2.28,1.66
33.7,-0.14,1.13
33.7,1.06,1.17
33.7,-0.14,0.71
33.7,1.39,1.50
33.7,0.01,-4.62
33.7,0.21,0.79
33.7,-3.53,0.19
33.7,-1.28,0.53
33.7,-0.26,0.68
33.7,-0.27,0.95
33.8,0.33,0.42
33.8,0.40,0.56
33.8,1.91,0.87
33.8,-1.28,0.39
33.8,0.55,-5.01
33.8,0.33,-0.01
33.8,0.94,1.04
33.8,-0.59,0.71
33.8,-1.62,0.46
33.8,0.13,0.92
33.9,-0.69,-5.45
33.9,-1.26,0.36
33.9,-0.80,0.50
33.9,-0.34,-4.38
33.9,-0.25,-0.13
33.9,0.82,0.38
33.9,-2.92,-3.21
33.9,1.23,0.99
33.9,1.31,0.24
33.9,-1.62,0.29
33.9,-0.59,0.53
33.9,1.91,1.58
33.9,0.33,1.17
33.9,0.55,1.22
33.9,-1.08,0.50
34.0,0.00,0.25
34.0,0.40,0.24
34.0,-0.19,0.62
34.0,1.09,1.12
34.0,-1.10,0.23
34.0,-4.42,-0.43
34.0,0.73,1.29
34.0,-0.41,0.76
34.0,-4.42,-0.66
34.0,-0.76,0.80
34.0,-0.19,0.88
34.0,0.63,0.72
34.0,-0.59,0.49
34.0,1.91,1.68
34.0,-1.62,0.04
34.0,1.31,1.03
34.1,0.52,0.45
34.1,1.31,0.14
34.1,-1.16,-0.36
34.1,-0.53,0.09
34.1,0.65,0.95
34.1,0.97,1.68
34.1,0.33,1.30
34.1,1.23,1.86
34.1,1.19,1.15
34.1,1.23,1.05
34.1,-1.32,0.10
34.1,-1.42,-0.13
34.1,1.53,0.07
34.1,-0.33,0.56
34.1,-3.53,-0.88
34.2,0.42,0.85
34.2,-0.69,0.82
34.2,0.77,0.96
34.2,1.70,1.57
34.2,-1.28,0.00
34.2,-0.31,0.64
34.2,0.67,0.76
34.2,-0.65,0.90
34.2,0.40,1.05
34.3,0.52,0.89
34.3,0.26,0.47
34.3,1.03,0.91
34.3,-0.28,0.84
34.3,0.05,0.75
34.3,-2.43,-0.31
34.3,2.28,1.70
34.3,-1.12,-0.07
34.3,0.29,0.95
34.3,-3.50,-1.82
34.3,-1.28,0.55
34.3,0.32,-5.38
34.4,-1.44,0.20
34.4,-0.69,0.55
34.4,1.06,1.18
34.4,-0.53,0.86
34.4,-0.80,0.39
34.4,2.28,1.80
34.4,-0.25,1.11
34.4,0.29,1.27
34.4,-1.05,0.53
34.5,0.35,0.88
34.5,1.06,1.42
34.5,0.87,0.67
34.5,0.40,0.16
34.5,-0.42,0.11
34.5,-1.00,-9.18
34.5,-1.26,-0.22
34.5,1.35,1.03
34.5,0.50,0.63
34.5,0.48,1.01
34.5,-1.05,0.46
34.5,-1.44,0.64
34.5,-0.69,0.96
34.6,-0.59,0.45
34.6,-0.30,0.44
34.6,0.67,0.79
34.6,0.55,0.99
34.6,2.72,2.15
34.6,1.59,0.81
34.6,1.06,1.02
34.6,-0.12,1.25
34.6,-0.82,0.91
34.7,0.35,-1.41
34.7,-1.26,0.50
34.7,1.27,1.39
34.7,1.23,1.25
34.7,-0.45,0.92
34.7,0.11,-0.52
34.7,0.42,0.43
34.7,-0.69,-4.93
34.8,0.82,1.12
34.8,0.94,1.34
34.8,0.55,0.68
34.8,0.29,1.42
34.8,-0.08,0.96
34.8,-1.42,0.60
34.8,0.61,0.62
34.8,-0.80,0.12
34.9,0.28,1.17
34.9,0.11,1.34
34.9,0.92,1.26
34.9,1.35,1.48
34.9,-0.12,0.95
34.9,-1.40,0.61
34.9,-0.69,-8.71
34.9,-1.70,0.26
34.9,0.20,0.98
34.9,-4.42,-0.81
34.9,0.77,0.71
34.9,1.44,1.34
35.0,2.28,0.70
35.0,0.29,0.52
35.0,0.21,1.05
35.0,0.17,0.37
35.0,1.39,0.72
35.0,-1.28,0.36
35.0,0.33,0.15
35.0,0.36,1.06
35.0,-0.72,0.86
35.0,-0.80,0.58
35.0,-4.42,-0.32
35.0,-0.52,0.71
35.0,-1.92,0.38
35.0,-1.55,0.69
35.1,1.44,1.16
35.1,0.36,0.75
35.1,0.28,0.68
35.1,0.20,0.58
35.1,-0.34,0.53
35.1,-1.32,0.22
35.2,0.97,1.29
35.2,0.65,0.71
35.2,0.44,0.56
35.2,0.33,0.62
35.2,0.26,0.38
35.2,-0.68,-0.12
35.2,0.21,1.26
35.2,-0.80,0.63
35.3,1.91,-1.50
35.3,-0.25,1.14
35.3,1.44,1.50
35.3,-0.30,0.63
35.3,0.63,-0.51
35.3,-1.28,0.82
35.3,-0.80,-0.94
35.3,-0.91,-0.55
35.3,-1.28,0.51
35.3,-0.53,0.05
35.4,-0.80,0.34
35.4,-0.72,0.44
35.4,-0.45,0.68
35.4,0.82,1.11
35.4,0.36,1.16
35.4,0.94,1.28
35.4,-1.28,0.07
35.4,1.91,1.35
35.4,0.67,1.38
35.4,-0.25,1.04
35.4,-0.37,-1.46
35.4,0.67,0.86
35.5,-1.44,0.22
35.5,2.92,1.91
35.5,-1.28,0.78
35.5,-0.30,1.10
35.5,0.48,0.15
35.5,1.48,1.75
35.5,0.69,0.86
35.5,0.69,1.34
35.5,1.70,1.61
35.5,-1.62,0.22
35.6,0.73,0.60
35.6,1.53,1.22
35.6,0.40,1.29
35.6,-4.42,-0.30
35.6,1.06,1.20
35.6,-1.28,0.29
35.6,1.06,1.54
35.6,0.73,0.86
35.6,-1.44,0.33
35.7,-1.62,0.04
35.7,-3.53,-1.11
35.7,-3.50,-0.92
35.7,-0.71,-5.46
35.7,-0.12,0.95
35.7,1.44,0.84
35.7,-0.38,0.44
35.7,-1.28,0.53
35.8,0.37,0.66
35.8,-0.91,0.17
35.8,-1.44,0.00
35.8,1.53,1.42
35.8,-1.01,0.30
35.8,-0.31,0.54
35.8,-0.53,1.05
35.8,0.00,0.88
35.8,-1.28,0.62
35.8,-0.16,-0.69
35.9,0.21,0.71
35.9,0.52,0.76
35.9,-0.30,0.03
35.9,0.82,0.76
35.9,0.20,0.34
35.9,-0.59,-0.20
35.9,0.37,0.87
35.9,-0.71,-1.03
35.9,1.76,1.42
36.0,1.39,0.95
36.0,0.20,0.97
36.0,1.00,1.04
36.0,1.06,0.93
36.0,-0.61,0.41
36.0,-1.42,1.00
36.0,0.40,1.00
36.0,-0.12,0.85
36.0,-4.42,-2.60
36.0,1.19,1.49
36.0,-1.44,-0.01
36.1,0.97,0.92
36.1,-3.50,0.18
36.1,0.17,1.26
36.1,-0.14,1.27
36.1,0.23,1.04
36.1,-0.26,0.11
36.1,1.48,0.80
36.1,-1.80,0.22
36.1,-4.42,-3.69
36.1,0.33,1.06
36.1,0.37,0.85
36.1,-1.66,0.20
36.1,0.40,1.37
36.1,-0.53,0.86
36.1,-0.69,0.45
36.2,-0.76,1.18
36.2,1.23,1.32
36.2,1.59,1.32
36.2,0.44,-1.42
36.2,-1.62,0.30
36.2,-0.30,0.56
36.2,0.25,0.76
36.3,0.05,1.38
36.3,0.05,1.38
36.3,-0.09,1.04
36.3,-0.19,0.47
36.3,0.67,0.95
36.3,-0.30,0.62
36.3,-1.32,0.64
36.4,0.52,0.69
36.4,0.89,1.09
36.4,-0.69,-7.93
36.4,0.63,1.34
36.4,0.33,1.41
36.4,-0.09,1.07
36.5,-0.25,0.98
36.5,0.33,0.98
36.5,-1.28,0.85
36.5,-3.09,-0.34
36.5,1.23,0.86
36.5,1.19,1.05
36.5,0.20,0.87
36.6,-0.69,-0.74
36.6,1.06,0.81
36.6,1.48,0.78
36.6,-1.53,0.41
36.6,0.69,1.49
36.6,0.57,1.22
36.6,1.59,1.84
36.6,0.33,1.01
36.6,-1.28,-0.04
36.6,0.32,0.50
36.7,-0.69,-5.65
36.7,1.35,0.58
36.7,0.13,1.04
36.7,-0.69,0.46
36.7,1.39,1.02
36.8,-0.18,0.90
36.8,1.19,1.34
36.8,1.19,1.34
36.8,1.19,1.34
36.8,-1.01,0.59
36.8,1.59,1.84
36.8,0.17,0.61
36.8,1.48,1.26
36.8,1.91,1.11
36.8,1.83,0.51
36.8,-0.69,1.13
36.8,-1.26,0.28
36.8,-1.65,0.29
36.8,1.16,0.54
36.9,0.06,0.72
36.9,-0.80,-0.08
36.9,-0.57,0.85
36.9,0.33,0.93
36.9,0.01,1.11
36.9,0.24,0.28
36.9,-0.25,0.56
36.9,0.65,0.63
36.9,1.03,0.81
36.9,-0.69,1.03
36.9,0.50,1.06
36.9,-0.72,0.86
36.9,-1.66,0.29
36.9,-0.80,0.78
37.0,-0.86,0.81
37.0,-0.69,0.94
37.0,0.00,0.52
37.0,-0.86,0.55
37.0,-0.37,0.47
37.0,0.42,0.75
37.0,0.14,0.87
37.0,1.06,1.20
37.0,0.67,1.18
37.0,-0.21,0.89
37.1,0.40,1.15
37.1,0.24,0.21
37.1,-2.06,-0.37
37.1,0.35,1.06
37.1,-1.53,-0.18
37.1,0.77,0.82
37.1,-0.30,0.39
37.2,2.08,1.92
37.2,-0.40,0.28
37.2,0.65,1.31
37.2,1.91,1.10
37.2,0.33,0.44
37.2,-0.35,0.96
37.2,-0.21,0.95
37.2,0.63,1.37
37.2,0.89,1.55
37.2,0.53,0.92
37.2,-0.69,0.33
37.2,0.42,0.82
37.2,-0.34,0.56
37.3,-0.87,-0.36
37.3,0.30,1.13
37.3,-2.59,-0.21
37.3,-0.59,0.54
37.3,0.20,0.89
37.3,0.20,0.59
37.3,1.39,1.24
37.3,-3.53,-1.36
37.3,-0.41,-1.85
37.3,0.12,0.57
37.3,-0.14,0.32
37.4,-0.59,0.90
37.4,-0.58,-4.70
37.4,1.19,1.07
37.4,-0.11,0.45
37.4,1.53,1.29
37.4,1.44,1.77
37.4,1.23,1.60
37.4,0.00,0.82
37.4,-0.78,0.71
37.4,-0.01,-5.24
37.4,0.37,0.98
37.4,-0.69,0.13
37.5,-0.59,0.43
37.5,-0.09,0.44
37.5,-1.66,0.90
37.5,0.87,0.65
37.5,-0.76,0.02
37.5,0.33,0.87
37.6,0.39,0.27
37.6,-0.05,0.07
37.6,-1.26,-0.16
37.6,-1.26,0.14
37.6,0.47,0.72
37.6,-2.43,0.14
37.6,-1.10,-4.75
37.7,0.17,1.26
37.7,0.40,-0.07
37.7,-1.62,0.55
37.7,0.75,0.24
37.7,0.77,-4.15
37.7,-1.48,-0.31
37.7,0.33,1.25
37.8,-1.70,-1.26
37.8,0.87,0.40
37.8,-0.72,0.68
37.8,0.00,0.33
37.9,0.17,0.67
37.9,-2.43,0.62
37.9,0.89,0.89
37.9,0.07,1.18
37.9,0.52,1.05
37.9,1.35,0.91
37.9,-0.80,0.62
37.9,-0.48,0.71
37.9,-3.07,-0.55
37.9,1.70,-4.29
37.9,1.44,1.15
37.9,-1.24,0.47
37.9,0.59,1.07
37.9,-0.12,0.79
38.0,1.44,1.10
38.0,-0.30,0.50
38.0,-2.43,0.09
38.0,0.23,1.22
38.0,-4.42,-10.32
38.0,0.47,1.09
38.0,1.39,1.16
38.0,-0.79,1.05
38.0,0.77,0.89
38.0,0.05,0.57
38.0,0.84,1.15
38.1,-0.59,0.98
38.1,1.70,0.90
38.1,-0.25,0.63
38.1,0.23,1.18
38.1,0.67,1.27
38.1,-1.44,0.57
38.1,-1.28,0.53
38.1,0.32,0.79
38.1,-3.53,-0.05
38.1,-0.34,1.16
38.2,1.70,0.27
38.2,-0.01,0.96
38.2,0.47,1.56
38.2,-0.25,1.16
38.2,-0.69,0.77
38.2,0.79,0.88
38.3,-0.65,-0.92
38.3,1.48,1.66
38.3,-2.17,-9.57
38.4,0.12,1.45
38.4,-1.28,-4.64
38.4,1.59,1.10
38.4,0.52,0.71
38.4,1.35,0.99
38.5,-0.75,-1.03
38.5,1.19,-0.12
38.5,-0.53,0.64
38.5,-4.42,-0.52
38.5,-0.39,0.94
38.5,-4.42,-10.32
38.5,-0.80,0.65
38.5,0.69,1.62
38.5,1.00,0.99
38.5,-0.64,0.31
38.5,-0.80,0.53
38.6,0.21,1.09
38.6,-0.82,0.46
38.6,0.28,-4.44
38.6,1.39,1.52
38.6,-0.88,0.80
38.6,1.91,-1.69
38.6,-0.57,0.82
38.6,0.82,0.68
38.6,-0.80,0.97
38.6,0.30,0.91
38.6,0.40,0.26
38.7,-0.69,-4.69
38.7,0.63,1.55
38.7,2.28,0.25
38.7,0.87,0.61
38.7,-0.58,-4.94
38.7,1.39,1.59
38.7,0.39,1.31
38.7,0.50,1.31
38.7,-0.40,0.70
38.8,0.40,-3.30
38.8,-0.42,-3.91
38.8,-0.34,0.59
38.8,1.35,0.99
38.8,0.82,1.54
38.8,1.06,1.14
38.8,-1.53,0.77
38.8,1.53,1.08
38.8,-1.52,0.38
38.8,-0.65,0.63
38.8,-0.59,-0.47
38.9,0.37,0.48
38.9,-1.42,0.42
38.9,-0.45,0.56
38.9,-0.34,-0.22
38.9,-0.34,-0.22
38.9,-0.72,0.76
38.9,-0.80,0.48
38.9,-0.69,0.48
38.9,0.23,0.44
38.9,-0.37,-0.04
38.9,0.29,0.27
38.9,0.07,1.18
39.0,1.19,0.20
39.0,1.06,0.88
39.0,0.50,0.80
39.0,4.80,2.19
39.0,0.20,1.30
39.0,0.24,0.80
39.0,0.37,1.48
39.1,0.06,0.91
39.1,0.94,1.58
39.1,0.21,0.74
39.1,1.00,1.13
39.1,-2.43,0.43
39.1,-0.80,0.21
39.2,-2.21,0.39
39.2,-4.42,-0.38
39.2,0.84,0.72
39.2,-0.26,1.18
39.2,-0.13,0.98
39.2,0.10,1.09
39.2,1.03,0.92
39.2,-1.28,0.30
39.2,0.37,0.85
39.2,0.50,1.33
39.2,-1.62,0.18
39.3,-0.09,1.34
39.3,-0.19,0.51
39.3,0.33,0.21
39.3,0.87,0.85
39.3,0.23,0.32
39.3,1.59,1.56
39.3,-0.55,0.30
39.3,-1.44,0.77
39.4,-0.01,-0.02
39.4,-0.85,0.79
39.4,0.00,-0.95
39.4,0.00,1.00
39.5,0.40,1.06
39.5,-1.42,-0.33
39.5,-0.12,0.64
39.5,-1.66,0.14
39.5,-0.64,1.12
39.5,0.67,0.83
39.6,1.39,-4.00
39.6,1.19,1.21
39.6,-2.71,0.44
39.6,0.89,0.04
39.6,0.69,1.31
39.6,0.73,1.18
39.6,-0.80,0.73
39.6,0.33,0.94
39.6,-0.46,0.74
39.6,-0.69,0.94
39.6,0.52,0.62
39.6,1.23,-4.20
39.7,0.67,0.76
39.7,-0.35,0.84
39.7,-2.32,0.40
39.7,0.01,0.81
39.7,0.97,1.27
39.7,-0.69,0.30
39.7,1.48,-0.39
39.7,-0.19,0.89
39.8,1.06,-4.31
39.8,0.59,-4.18
39.8,0.65,1.07
39.8,-0.37,0.34
39.8,0.17,0.35
39.8,0.33,0.42
39.8,0.61,1.08
39.8,-1.31,0.78
39.8,-1.28,0.49
39.8,-0.69,-9.07
39.8,-0.82,0.85
39.8,-1.62,0.22
39.8,-1.53,-4.99
39.9,-0.37,0.57
39.9,-0.44,0.99
39.9,0.92,0.88
39.9,2.28,1.26
39.9,1.70,1.20
39.9,0.13,0.81
39.9,-0.74,0.92
39.9,-0.69,0.68
39.9,-3.38,-0.69
39.9,-0.61,0.83
39.9,2.08,1.15
40.0,-0.33,-4.38
40.0,0.35,-0.03
40.0,-3.53,-0.25
40.0,0.37,0.42
40.0,-1.44,-0.41
40.0,0.23,1.00
40.0,-0.80,0.21
40.0,0.63,0.86
40.0,0.92,0.73
40.0,-0.53,0.02
40.0,0.21,0.39
40.0,-2.00,-0.52
40.0,0.29,0.21
40.0,-2.21,0.07
40.0,0.33,0.89
40.0,-0.53,1.23
40.1,0.87,1.08
40.1,0.00,1.18
40.1,0.40,1.06
40.1,-0.53,0.60
40.1,0.50,1.40
40.1,-0.06,0.97
40.2,0.11,-0.11
40.2,-1.44,-0.52
40.2,-2.66,-2.81
40.2,0.71,1.40
40.2,0.67,1.42
40.2,0.50,0.59
40.2,1.06,1.06
40.2,-0.80,0.36
40.2,0.40,0.52
40.2,-0.69,0.95
40.2,0.28,0.89
40.2,-0.30,1.00
40.2,-1.32,0.31
40.2,-0.69,0.89
40.2,-0.52,0.55
40.3,0.61,0.77
40.3,-1.26,-0.22
40.3,1.35,1.58
40.3,-2.59,0.45
40.3,-1.62,0.10
40.3,-1.28,0.45
40.3,0.11,1.11
40.3,-2.32,0.50
40.4,-1.44,0.27
40.4,-0.09,-4.63
40.4,-0.69,-0.59
40.4,0.14,-4.43
40.4,-1.86,0.33
40.4,0.30,0.94
40.4,0.69,-4.36
40.4,-0.69,0.29
40.4,-4.42,-5.86
40.5,0.15,0.97
40.5,1.27,0.01
40.5,0.11,0.35
40.5,0.35,-1.25
40.5,-0.69,1.03
40.5,-0.49,0.14
40.5,0.17,0.90
40.5,1.70,1.33
40.5,-0.26,-0.26
40.6,-1.05,0.29
40.6,0.19,1.47
40.6,0.67,1.28
40.6,-0.59,0.68
40.6,-0.37,0.75
40.6,0.65,0.92
40.6,-1.08,0.48
40.6,0.20,0.94
40.6,0.37,0.19
40.7,1.19,1.74
40.7,0.75,1.51
40.7,0.33,0.71
40.7,0.52,1.02
40.7,-0.26,0.67
40.7,-0.69,0.99
40.7,-1.28,0.15
40.8,-0.68,-5.04
40.8,-4.42,-5.29
40.8,-0.10,0.56
40.8,-3.38,-5.37
40.8,-1.28,0.27
40.8,-0.41,0.62
40.8,-2.43,0.24
40.8,1.39,1.30
40.8,-0.58,0.76
40.8,0.14,0.68
40.8,-0.69,0.87
40.9,-0.59,1.05
40.9,-0.25,1.01
40.9,-0.74,-0.07
40.9,1.19,0.73
40.9,0.82,1.25
40.9,-0.25,0.75
40.9,-0.65,0.70
40.9,-1.26,0.03
40.9,-0.41,0.47
40.9,-0.69,-4.92
40.9,-0.01,1.13
40.9,-0.39,0.89
40.9,-0.62,0.78
40.9,1.76,1.73
41.0,-0.69,-4.99
41.0,-0.91,0.51
41.0,-0.91,0.05
41.0,0.97,1.55
41.0,0.97,1.09
41.0,0.33,0.41
41.0,1.91,-4.10
41.0,-0.25,-4.87
41.0,-0.50,0.23
41.0,0.50,1.44
41.0,-0.32,0.94
41.0,0.21,-3.32
41.0,-4.42,-10.32
41.0,0.84,1.54
41.1,0.21,0.95
41.1,0.23,0.96
41.1,0.40,1.17
41.1,-0.61,0.39
41.1,-1.42,-0.13
41.1,-1.28,0.29
41.1,-0.27,0.62
41.1,1.19,1.33
41.1,-4.42,-0.48
41.1,1.44,1.07
41.2,-1.83,0.24
41.2,-0.69,-9.07
41.2,1.70,0.71
41.3,-2.43,-0.58
41.3,-2.79,-5.50
41.4,0.30,1.00
41.4,-0.80,0.83
41.4,-1.28,-0.66
41.4,-1.28,-0.22
41.5,-0.12,0.74
41.5,-0.30,1.17
41.5,-0.09,0.77
41.5,-1.28,0.00
41.5,0.39,0.85
41.5,0.37,1.23
41.5,0.40,0.91
41.6,-1.26,0.36
41.6,-1.56,-4.66
41.6,-0.12,1.04
41.6,2.72,1.50
41.6,1.06,1.00
41.6,0.24,0.85
41.6,-0.19,1.25
41.6,-0.69,-0.04
41.6,-0.34,0.62
41.7,-0.72,0.51
41.7,0.11,-1.89
41.7,-1.05,0.16
41.7,0.33,0.79
41.7,0.21,1.02
41.7,1.03,0.97
41.7,1.19,1.20
41.7,0.50,1.16
41.7,1.31,0.74
41.7,-0.80,0.67
41.8,0.24,1.27
41.8,0.24,1.27
41.8,-0.41,0.85
41.8,0.35,-0.01
41.8,-0.69,-4.48
41.8,-0.25,-0.74
41.8,1.70,1.15
41.8,1.39,1.41
41.8,1.19,1.16
41.8,0.69,1.04
41.8,-0.21,1.32
41.9,0.11,0.37
41.9,-2.59,-0.16
41.9,-1.42,0.06
41.9,-0.57,0.60
41.9,-4.42,-0.85
41.9,0.97,0.08
41.9,-1.42,0.15
41.9,-1.44,0.48
41.9,0.40,0.80
41.9,0.94,1.09
41.9,0.24,0.29
41.9,-4.42,-1.18
41.9,-1.10,0.27
41.9,0.77,0.76
41.9,-0.45,0.63
42.0,0.14,0.78
42.0,1.23,-3.82
42.0,0.36,0.88
42.0,0.94,1.31
42.0,-1.44,0.40
42.0,1.12,-8.47
42.0,-2.21,-0.02
42.0,-1.28,0.73
42.1,-0.69,1.02
42.1,0.92,1.13
42.1,-0.18,-4.84
42.1,0.94,0.86
42.1,1.06,1.59
42.1,-0.03,0.50
42.1,1.19,1.03
42.1,-1.02,0.57
42.2,-0.71,0.89
42.2,-3.53,-0.17
42.2,0.15,1.07
42.2,0.97,-0.40
42.2,-0.42,-0.02
42.2,-2.04,-0.08
42.2,-0.88,1.04
42.3,1.06,1.64
42.3,1.35,1.41
42.3,-0.25,-0.21
42.3,0.33,0.86
42.4,-0.10,0.38
42.4,0.23,-4.27
42.4,0.82,0.10
42.4,-0.91,0.52
42.4,0.37,0.55
42.4,1.39,1.14
42.4,1.35,0.37
42.5,0.36,0.40
42.5,-4.42,-0.31
42.5,1.27,0.58
42.5,-0.08,0.70
42.5,-0.12,-4.61
42.5,0.67,1.30
42.5,0.87,0.59
42.5,4.80,1.87
42.5,0.35,1.21
42.5,-0.43,0.68
42.5,-0.43,0.68
42.5,0.87,1.29
42.6,1.70,1.41
42.6,1.48,-4.34
42.6,0.37,0.87
42.6,0.97,1.38
42.6,-1.28,-0.41
42.6,-0.69,1.01
42.6,-0.08,1.01
42.6,0.47,1.04
42.6,-1.48,0.29
42.7,0.65,0.99
42.7,0.29,0.29
42.7,0.36,-0.36
42.7,2.28,1.87
42.8,-2.09,-0.22
42.8,-0.19,-0.17
42.8,1.70,0.28
42.8,-0.59,0.79
42.8,-0.80,0.19
42.8,-4.42,-0.42
42.8,-0.80,0.60
42.8,0.40,0.84
42.9,-0.76,0.56
42.9,0.33,1.24
42.9,0.69,0.68
42.9,-1.53,0.02
42.9,-0.12,0.62
42.9,0.23,0.59
42.9,-0.65,0.49
42.9,0.05,1.23
43.0,0.17,1.27
43.0,0.40,1.48
43.0,0.33,1.09
43.0,-0.11,1.19
43.0,1.03,1.04
43.1,0.36,0.31
43.1,0.01,1.05
43.1,-0.09,0.78
43.1,0.69,1.07
43.1,-0.36,0.07
43.2,0.40,1.25
43.2,0.33,0.93
43.2,1.06,0.88
43.2,0.11,0.60
43.2,1.23,0.85
43.3,0.20,1.04
43.3,0.47,0.75
43.3,1.48,0.84
43.3,-0.30,0.62
43.3,2.28,1.49
43.3,-1.28,0.54
43.3,1.39,1.25
43.3,0.67,0.94
43.3,-0.30,1.17
43.3,0.35,0.76
43.3,-0.59,0.87
43.4,-0.25,0.28
43.4,0.40,0.67
43.4,-0.53,0.53
43.4,-1.48,0.19
43.4,-0.82,0.45
43.5,-0.42,-0.03
43.5,2.72,1.82
43.5,1.59,1.53
43.5,0.67,1.11
43.5,1.91,1.92
43.5,-0.53,0.71
43.5,1.19,1.20
43.5,0.11,0.49
43.5,1.00,1.51
43.5,0.10,1.13
43.5,-4.42,-10.32
43.5,-1.42,-0.03
43.6,-0.37,0.68
43.6,0.11,0.64
43.6,1.27,1.11
43.6,0.29,1.33
43.6,-0.30,-1.14
43.6,-1.26,0.03
43.6,0.50,0.72
43.6,0.10,0.83
43.6,-0.10,0.64
43.6,-0.53,0.75
43.6,-0.97,0.39
43.6,-0.69,-1.31
43.7,-1.48,0.60
43.7,-4.42,-10.32
43.7,-4.42,-0.44
43.7,-1.28,0.58
43.7,0.35,0.48
43.7,-1.62,0.09
43.7,0.28,1.12
43.7,0.82,0.69
43.7,-0.42,0.35
43.7,1.91,1.08
43.7,1.31,1.03
43.7,0.33,0.91
43.7,-0.69,0.69
43.7,1.19,0.48
43.7,0.52,0.65
43.7,0.63,1.49
43.7,0.09,1.32
43.7,0.37,0.56
43.8,-1.28,0.29
43.8,-0.80,0.39
43.8,-0.85,0.96
43.8,-1.45,0.32
43.8,0.11,0.90
43.8,-2.43,0.28
43.8,-0.03,-0.22
43.8,-0.07,0.88
43.8,0.23,1.02
43.8,-0.19,0.22
43.8,0.67,0.69
43.8,0.84,-4.59
43.8,-1.26,0.71
43.8,0.45,0.90
43.9,0.23,0.37
43.9,-1.92,0.43
43.9,-1.66,0.69
43.9,2.92,1.44
43.9,0.37,0.77
43.9,-0.64,-4.94
44.0,-2.07,0.06
44.0,0.59,0.29
44.0,0.52,1.04
44.0,-1.28,0.80
44.0,-0.82,0.92
44.0,0.01,1.25
44.0,-1.28,0.71
44.0,4.80,2.48
44.0,0.11,0.50
44.0,-1.28,0.38
44.0,0.17,0.65
44.0,-0.26,0.61
44.0,0.97,1.11
44.0,-0.80,0.37
44.0,0.17,1.02
44.1,-1.26,-0.33
44.1,-0.68,0.35
44.1,-0.45,0.91
44.1,1.19,1.10
44.1,-1.08,0.02
44.1,1.44,0.68
44.1,1.53,1.28
44.2,-0.88,0.25
44.2,0.35,-0.62
44.2,1.91,1.36
44.2,-0.58,0.25
44.2,-0.64,0.95
44.2,-1.40,0.86
44.2,-0.30,0.77
44.2,0.37,0.87
44.2,0.37,1.06
44.3,1.00,1.31
44.4,-2.37,0.51
44.4,-0.01,0.99
44.4,0.82,0.57
44.4,1.12,1.06
44.4,-0.61,0.62
44.4,0.94,1.23
44.5,0.20,-1.65
44.5,-1.42,-1.29
44.5,0.77,-0.19
44.5,-0.53,0.26
44.5,-2.37,0.17
44.5,0.35,0.65
44.5,0.11,0.99
44.6,0.33,1.09
44.6,-0.34,-0.14
44.6,-1.10,0.56
44.6,-0.57,0.94
44.6,1.06,1.07
44.6,0.37,1.06
44.7,0.52,0.91
44.7,1.59,1.19
44.7,-0.65,0.67
44.7,0.40,0.92
44.7,-3.53,0.24
44.8,-0.64,0.19
44.8,1.48,1.24
44.8,-0.08,-0.86
44.8,1.06,1.02
44.8,-0.42,1.17
44.9,-0.80,0.28
44.9,-4.42,-6.98
44.9,1.53,1.27
44.9,1.53,1.27
44.9,1.53,1.27
44.9,1.31,1.61
44.9,1.19,1.40
44.9,-0.80,0.16
44.9,-1.28,0.07
45.0,-0.88,-0.06
45.0,0.35,0.79
45.0,-0.59,0.57
45.0,-0.42,1.15
45.0,-0.10,0.91
45.0,0.75,1.03
45.0,0.75,1.03
45.0,0.75,1.03
45.0,-0.09,-5.13
45.0,0.67,-3.11
45.1,-4.42,-5.78
45.1,-1.42,-3.26
45.1,-0.65,0.62
45.1,-0.08,0.90
45.1,0.40,0.82
45.1,-4.42,-0.55
45.1,0.42,0.78
45.2,0.71,1.33
45.2,1.19,1.36
45.2,1.53,1.33
45.2,-0.42,0.86
45.2,-0.34,0.06
45.2,0.82,0.38
45.2,0.37,1.39
45.2,-3.50,-1.05
45.3,0.40,1.15
45.3,-0.29,0.69
45.3,-0.32,0.87
45.3,0.37,0.91
45.3,-1.62,-0.24
45.3,-1.26,0.37
45.4,0.50,0.87
45.4,1.06,1.09
45.4,-4.42,-0.35
45.4,-2.37,0.02
45.4,-1.37,0.11
45.5,1.44,1.19
45.5,0.20,-5.56
45.5,-0.30,-0.75
45.6,-0.69,-4.63
45.6,-0.19,0.73
45.6,-2.79,-0.66
45.6,-0.80,0.64
45.6,-0.59,0.91
45.6,-0.59,0.14
45.7,-0.54,0.29
45.7,0.20,0.54
45.7,1.06,1.04
45.7,-0.19,0.48
45.7,-2.71,0.00
45.7,-4.42,-6.06
45.7,-1.40,0.58
45.8,-0.01,1.02
45.8,0.61,1.14
45.8,0.59,1.20
45.8,0.82,0.94
45.9,0.61,0.72
45.9,-0.08,0.87
45.9,1.16,0.33
45.9,-0.25,0.36
45.9,0.44,0.98
45.9,-0.80,0.23
45.9,-1.62,-2.60
45.9,-1.44,0.26
45.9,-1.06,0.50
46.0,-0.69,0.36
46.0,1.23,0.61
46.0,0.45,0.96
46.0,1.23,1.14
46.0,-0.42,0.78
46.0,0.17,0.78
46.0,0.82,0.57
46.0,1.91,1.34
46.1,-0.69,-0.06
46.1,0.11,1.30
46.1,-0.53,1.10
46.2,0.32,0.12
46.2,0.35,0.14
46.2,0.52,0.96
46.3,0.20,1.23
46.3,-0.04,0.87
46.3,1.35,1.53
46.3,1.39,0.74
46.3,-0.76,0.47
46.3,-2.32,0.29
46.4,1.27,0.68
46.4,-0.82,0.61
46.4,0.63,1.16
46.4,1.09,1.54
46.5,0.59,1.26
46.5,0.69,0.47
46.5,-4.42,-0.72
46.6,-0.25,0.30
46.6,0.37,0.73
46.6,1.70,1.54
46.6,-0.57,1.06
46.6,-4.42,-6.49
46.6,-1.35,-5.12
46.7,0.21,0.35
46.7,-0.59,0.97
46.7,-0.69,-5.31
46.7,-2.84,0.41
46.7,-1.10,0.46
46.8,-4.42,-6.11
46.8,-4.42,-6.11
46.8,0.35,1.31
46.8,0.69,0.92
46.8,0.35,1.13
46.8,-1.26,0.23
46.9,0.40,-0.91
46.9,0.71,0.93
46.9,-0.59,0.69
46.9,-0.12,1.06
47.0,-0.16,0.63
47.0,0.42,1.29
47.0,1.19,0.75
47.0,1.09,0.96
47.0,1.03,1.52
47.1,-4.42,-1.50
47.1,1.23,1.36
47.1,-1.28,0.48
47.1,-1.17,0.08
47.1,-0.69,-0.64
47.1,-0.59,1.01
47.1,1.06,1.58
47.2,-4.42,-0.83
47.2,-0.25,0.77
47.3,-4.42,-0.46
47.3,-4.42,-3.30
47.3,0.50,1.28
47.3,-1.17,0.14
47.3,-4.42,-0.70
47.3,0.20,0.69
47.3,1.70,1.58
47.4,0.17,0.82
47.4,-1.26,-3.78
47.4,0.11,0.95
47.4,-1.02,0.35
47.5,-0.69,0.56
47.5,-0.64,0.70
47.5,-0.20,0.08
47.5,0.47,1.29
47.5,1.70,1.25
47.5,-2.06,-1.16
47.5,-0.37,1.04
47.5,0.67,1.13
47.5,0.13,0.83
47.5,0.13,0.83
47.6,0.39,0.38
47.6,1.91,1.09
47.6,0.25,0.62
47.6,1.19,1.46
47.6,0.94,1.18
47.7,-0.59,0.71
47.7,0.75,0.80
47.7,0.73,1.21
47.7,0.20,1.12
47.7,0.23,-4.75
47.7,-3.53,-5.53
47.8,0.53,-0.59
47.8,1.91,1.22
47.8,-0.10,1.14
47.8,1.23,1.19
47.8,-0.30,0.98
47.8,-3.53,0.15
47.8,0.01,1.34
47.8,0.77,1.28
47.8,0.23,1.21
47.9,-0.69,0.67
47.9,0.32,0.70
47.9,0.97,1.67
47.9,0.67,1.21
47.9,-0.80,-0.12
48.0,1.23,1.45
48.0,-1.26,1.09
48.0,-0.18,0.63
48.0,-1.66,-0.12
48.0,0.23,0.94
48.0,0.37,1.02
48.1,1.06,1.09
48.1,-1.67,-0.01
48.1,-1.70,-5.33
48.2,0.59,-3.87
48.2,1.27,1.50
48.2,0.23,0.22
48.2,-1.28,0.10
48.2,0.17,0.59
48.2,1.48,1.57
48.2,0.45,0.72
48.2,-4.42,-0.59
48.3,-1.92,0.36
48.3,1.39,1.17
48.3,-0.98,0.29
48.3,-0.69,1.11
48.3,1.44,0.99
48.4,1.48,0.71
48.4,0.35,-1.76
48.4,0.82,0.91
48.4,-0.01,1.49
48.5,0.37,0.40
48.5,-0.69,0.92
48.5,-0.05,0.91
48.5,0.87,1.67
48.5,1.00,0.73
48.5,1.48,2.05
48.5,-0.27,0.81
48.5,1.35,1.64
48.5,-0.09,0.75
48.6,1.00,0.75
48.6,0.67,1.18
48.6,-2.43,0.53
48.6,0.52,0.61
48.6,-0.53,1.12
48.7,0.35,0.30
48.7,-2.59,0.20
48.8,1.16,0.45
48.8,0.37,1.23
48.8,-2.71,0.39
48.8,0.37,1.02
48.8,-0.42,1.00
48.8,-0.25,-0.21
48.8,-4.42,-6.13
48.8,-1.83,-0.48
48.9,0.35,0.80
48.9,-4.42,-0.25
48.9,0.36,1.17
48.9,-1.28,0.57
48.9,0.71,1.32
48.9,0.77,1.31
48.9,-4.42,-5.82
48.9,-0.19,0.65
48.9,-1.28,0.29
49.0,-0.87,-1.49
49.0,0.73,1.43
49.0,1.03,1.01
49.0,0.35,0.36
49.0,-0.65,0.17
49.0,0.52,1.32
49.0,-4.42,-1.28
49.0,-0.82,0.52
49.0,1.59,1.34
49.1,1.53,0.97
49.1,-0.59,0.31
49.1,-1.26,0.33
49.1,1.59,1.18
49.1,0.50,1.04
49.2,0.77,0.90
49.2,0.67,0.61
49.2,-0.59,1.10
49.2,-0.80,0.57
49.2,-0.02,0.83
49.2,0.73,1.09
49.2,-1.26,-0.24
49.2,0.40,0.52
49.3,0.92,1.08
49.3,-0.27,-2.89
49.3,-0.21,0.64
49.3,-0.52,-5.85
49.3,-0.25,0.81
49.4,0.05,0.84
49.4,0.75,1.32
49.5,-0.69,-4.95
49.6,-0.80,1.19
49.6,0.36,0.54
49.6,0.33,1.12
49.6,-1.62,-0.54
49.6,0.71,0.78
49.6,-0.82,0.73
49.6,1.39,1.72
49.6,-1.26,-1.78
49.6,-0.69,0.58
49.7,-1.42,0.93
49.7,0.87,0.34
49.7,0.40,0.82
49.7,-0.04,-0.31
49.7,-0.53,0.51
49.7,-1.49,0.09
49.7,-4.42,-0.85
49.8,-0.52,0.45
49.8,-2.43,0.36
49.8,-0.64,0.92
49.8,-0.69,-4.73
49.8,-0.69,1.17
49.8,-1.01,-4.85
49.9,-0.53,0.77
49.9,1.39,1.48
49.9,-1.26,0.15
49.9,-0.69,0.57
49.9,0.39,-0.21
49.9,1.00,0.70
50.0,-1.26,-0.57
50.0,-4.42,-0.75
50.0,-2.43,0.16
50.0,0.40,0.99
50.0,-0.42,0.69
50.1,0.17,-4.35
50.1,-2.71,-0.21
50.1,0.67,0.89
50.1,-1.62,-0.01
50.1,0.33,1.36
50.1,-1.90,-0.13
50.2,0.17,0.41
50.2,0.65,1.12
50.2,-0.69,0.53
50.2,-0.82,-0.11
50.2,0.50,0.84
50.2,-0.04,0.45
50.3,0.11,0.57
50.3,-1.62,0.12
50.3,0.39,1.44
50.3,-0.34,0.78
50.3,-0.98,0.70
50.4,-0.40,0.84
50.4,-0.43,0.38
50.4,0.71,1.26
50.5,-0.19,0.76
50.5,-0.19,0.76
50.5,1.03,0.54
50.5,0.10,0.11
50.5,0.00,0.51
50.5,0.40,0.94
50.5,-0.25,-0.44
50.5,1.35,-0.18
50.5,0.69,0.79
50.5,0.89,1.66
50.5,0.61,0.99
50.5,0.61,0.99
50.6,0.77,0.95
50.6,0.89,1.39
50.6,-0.03,0.04
50.6,1.19,1.74
50.6,-0.40,0.23
50.7,-0.08,1.07
50.7,-0.25,1.27
50.7,0.35,1.34
50.7,-0.12,0.98
50.8,-2.44,0.48
50.8,-0.31,0.82
50.8,0.87,0.87
50.8,-4.42,-6.36
50.8,-4.42,-6.36
50.9,-1.62,-0.39
50.9,0.06,0.80
50.9,-1.91,0.02
51.0,-1.17,0.46
51.0,-1.28,0.55
51.0,-1.68,0.35
51.0,-0.21,0.93
51.0,1.06,1.47
51.0,0.44,0.89
51.0,0.23,1.33
51.1,-4.42,-0.91
51.1,-0.10,0.94
51.1,0.11,0.56
51.1,0.50,0.91
51.1,-0.69,-9.07
51.2,1.76,1.55
51.2,-0.09,1.12
51.2,0.87,0.75
51.2,-0.27,0.59
51.2,0.69,1.44
51.2,-0.53,0.65
51.3,-0.80,-2.32
51.3,0.71,0.72
51.3,-0.26,0.44
51.3,-0.25,-0.35
51.3,1.44,0.61
51.4,0.69,1.02
51.4,-0.80,-0.30
51.4,0.40,0.81
51.4,-4.42,-0.77
51.5,0.00,1.30
51.5,0.29,0.10
51.5,-0.59,0.78
51.5,1.06,1.70
51.5,1.35,-4.54
51.5,0.92,0.47
51.6,-0.93,0.46
51.6,-4.42,-0.05
51.6,0.82,0.49
51.7,1.06,1.14
51.7,-0.33,0.67
51.7,-0.70,0.59
51.7,1.70,0.92
51.8,1.48,1.94
51.8,-0.82,0.41
51.9,-0.82,1.15
51.9,0.37,1.21
51.9,-0.59,0.19
51.9,-0.02,1.24
51.9,-0.68,0.77
51.9,1.91,1.83
52.0,0.69,0.95
52.0,0.84,0.50
52.0,-4.42,-0.90
52.0,-0.80,0.72
52.1,1.31,0.80
52.1,0.14,1.28
52.1,-0.37,0.67
52.1,0.89,1.08
52.2,-0.30,1.11
52.2,0.37,1.40
52.3,-3.53,-5.76
52.3,-0.01,0.89
52.4,0.37,0.62
52.5,-4.42,-5.97
52.5,-1.26,0.28
52.5,0.97,0.91
52.5,1.91,1.72
52.5,0.20,0.70
52.6,0.67,1.15
52.6,0.40,0.16
52.6,-1.17,-0.11
52.6,-0.91,0.06
52.6,-0.76,0.36
52.7,0.37,0.85
52.7,0.87,1.26
52.7,-0.69,0.53
52.7,-0.69,0.22
52.7,-0.42,0.99
52.7,0.40,1.26
52.7,-1.28,0.07
52.7,-4.42,-5.92
52.8,-1.28,0.04
52.8,-0.06,0.90
52.8,-0.02,0.81
52.8,-4.42,-0.86
52.9,1.70,-0.29
52.9,0.37,0.66
52.9,-0.33,0.54
53.0,-1.53,0.83
53.0,0.53,0.88
53.0,0.89,0.16
53.0,0.35,0.25
53.1,0.53,1.36
53.1,-1.17,0.74
53.1,-0.89,0.41
53.1,0.67,1.21
53.1,-0.19,1.09
53.1,0.69,0.74
53.2,1.19,1.76
53.3,0.24,1.20
53.3,0.77,-0.50
53.3,-1.67,-3.30
53.4,0.11,0.58
53.4,0.35,0.69
53.4,0.59,0.83
53.4,-1.28,-0.14
53.4,0.87,1.24
53.4,-0.69,0.30
53.4,0.73,0.17
53.4,-1.62,0.42
53.5,0.06,0.49
53.5,-0.69,-0.89
53.5,-1.52,0.16
53.5,0.12,1.27
53.5,0.82,1.37
53.6,1.00,1.60
53.6,1.06,1.59
53.6,0.97,0.94
53.6,-4.42,-0.60
53.6,-0.69,0.82
53.6,0.59,1.27
53.7,0.20,0.68
53.7,0.75,0.61
53.7,0.52,0.73
53.7,0.40,1.43
53.8,0.24,-5.51
53.8,-0.80,0.62
53.8,-0.70,0.36
53.9,-4.42,-10.32
53.9,-1.16,0.77
53.9,-0.69,0.75
53.9,0.18,0.80
53.9,1.70,1.04
54.0,-0.72,0.97
54.0,0.87,0.34
54.0,-1.28,0.27
54.0,-0.04,-4.80
54.0,0.33,0.69
54.0,0.73,1.07
54.0,0.37,0.81
54.0,-0.27,0.97
54.0,-0.34,0.02
54.0,-4.42,-10.32
54.1,-1.26,-0.04
54.1,0.50,1.16
54.1,-0.37,0.70
54.1,1.53,1.60
54.1,1.70,1.51
54.1,-4.42,-0.59
54.1,0.77,0.90
54.3,-0.10,-1.74
54.3,-0.19,1.19
54.3,-2.59,-0.57
54.3,-1.52,0.08
54.3,0.69,0.91
54.4,-0.53,0.45
54.4,-1.26,0.63
54.4,-0.69,-4.59
54.4,-4.42,-6.42
54.5,-1.28,0.54
54.5,-0.36,0.61
54.6,-4.42,-0.56
54.6,-0.09,0.66
54.6,1.91,1.73
54.6,0.59,1.18
54.7,-0.69,-4.80
54.7,-0.72,0.62
54.7,-1.05,0.51
54.7,0.39,1.34
54.7,1.19,1.43
54.7,-0.06,0.47
54.8,1.00,0.56
54.8,1.06,-4.79
54.8,-0.69,0.59
54.8,-0.26,1.03
54.8,-0.58,0.57
54.9,1.35,1.03
54.9,2.72,-0.51
54.9,0.21,0.93
54.9,-1.53,-0.94
54.9,1.39,1.28
54.9,1.16,0.55
54.9,-0.91,1.11
54.9,-0.37,-0.09
54.9,-0.33,0.03
55.0,-2.43,0.34
55.0,1.76,1.63
55.0,-0.69,0.42
55.0,-0.67,0.23
55.1,0.82,1.13
55.1,0.94,-4.56
55.1,0.63,1.16
55.1,0.45,0.43
55.1,1.31,1.10
55.1,-0.42,0.53
55.1,-1.42,0.46
55.2,0.77,0.96
55.3,0.17,0.79
55.3,1.06,0.97
55.3,0.40,0.69
55.4,-4.42,-6.48
55.4,0.89,1.58
55.4,-0.76,-4.96
55.4,1.83,1.25
55.4,-1.26,0.83
55.4,2.08,1.92
55.5,-0.12,0.35
55.5,0.35,-0.01
55.5,-0.61,0.52
55.5,-1.49,0.80
55.5,0.12,1.10
55.5,0.33,1.09
55.5,0.73,1.61
55.5,-1.28,0.59
55.6,-0.69,-4.61
55.6,-1.26,-0.04
55.6,0.05,0.86
55.7,0.67,1.18
55.7,0.50,0.91
55.7,0.33,1.30
55.8,-0.86,0.52
55.9,0.59,1.04
55.9,0.69,1.26
55.9,-1.05,0.03
55.9,-0.30,-0.07
56.0,1.06,0.66
56.0,0.71,0.61
56.0,-0.59,-0.42
56.0,0.20,1.11
56.0,-0.85,1.03
56.0,1.83,0.68
56.1,0.40,0.73
56.1,-1.28,0.11
56.1,-2.94,-5.66
56.2,0.11,-0.96
56.2,0.50,1.26
56.2,0.59,0.71
56.3,0.71,1.17
56.3,-2.59,0.02
56.3,0.30,1.06
56.3,0.35,-0.25
56.4,0.35,0.44
56.4,-4.42,-0.11
56.4,-4.42,-1.45
56.4,-0.59,0.65
56.5,-0.82,0.58
56.5,-4.42,-6.36
56.6,0.65,0.66
56.6,0.87,1.21
56.6,-1.01,0.65
56.7,0.67,1.36
56.7,-0.27,0.87
56.7,-1.44,-0.46
56.7,1.44,1.66
56.7,-1.28,0.30
56.8,-1.02,0.17
56.8,-0.25,1.01
56.8,0.33,1.32
56.8,1.31,1.02
56.9,0.67,0.49
56.9,-0.59,0.59
56.9,0.33,0.57
57.0,-4.42,-0.20
57.0,-2.43,0.15
57.0,0.52,0.71
57.0,1.31,-1.93
57.0,2.28,1.07
57.1,-0.39,0.28
57.1,-0.09,0.73
57.2,-0.20,1.30
57.2,-0.80,0.40
57.3,-0.19,-1.95
57.3,-0.69,-0.16
57.3,0.37,0.92
57.4,-1.53,-0.11
57.4,-0.41,1.10
57.4,0.03,1.14
57.5,-0.45,1.03
57.5,-0.53,0.58
57.6,-0.10,0.83
57.6,-1.80,-5.02
57.7,0.40,1.12
57.7,-0.69,0.64
57.7,1.39,1.47
57.9,-4.42,-0.33
57.9,1.39,1.75
57.9,0.67,0.75
58.0,0.77,-0.14
58.0,0.63,1.07
58.0,0.40,-4.50
58.0,0.71,1.32
58.0,1.03,1.15
58.0,-4.42,-0.52
58.2,-1.41,-5.73
58.2,-0.40,0.31
58.2,-0.32,0.16
58.2,1.00,0.45
58.3,-0.46,0.88
58.4,-2.44,-0.04
58.4,-1.05,0.55
58.5,0.21,1.37
58.5,0.89,1.09
58.5,-1.28,0.21
58.5,-0.76,0.59
58.6,-0.69,0.95
58.6,-1.26,0.71
58.7,-1.28,0.56
58.7,-0.45,0.54
58.7,-1.28,0.52
58.8,-0.69,1.02
58.8,-4.42,0.09
58.8,0.37,1.39
58.8,-0.80,0.82
58.8,-4.42,-0.22
58.8,1.27,0.23
58.9,0.52,0.77
58.9,-0.19,1.13
58.9,-0.69,0.66
58.9,-1.62,0.53
58.9,-1.28,-0.39
59.0,-0.09,0.81
59.1,0.12,1.18
59.1,1.39,1.58
59.1,-1.28,-0.23
59.1,-0.25,0.70
59.2,-0.25,-0.46
59.3,-0.21,1.13
59.3,-3.53,-0.64
59.3,1.06,0.88
59.4,-2.21,0.46
59.4,-0.76,0.64
59.4,1.31,1.44
59.4,-1.26,-2.83
59.5,-0.58,-0.04
59.5,0.08,0.55
59.6,-0.30,0.72
59.6,0.25,1.26
59.6,0.75,1.18
59.6,-0.26,1.41
59.6,-0.68,-5.04
59.6,-0.40,0.72
59.6,1.19,-4.08
59.7,-2.92,-0.21
59.7,0.06,0.91
59.8,0.52,0.94
59.9,-0.19,0.80
59.9,0.30,1.11
60.0,1.09,1.51
60.0,-0.21,0.07
60.0,-0.27,0.68
60.0,0.17,0.76
60.1,-0.72,0.97
60.1,0.59,1.51
60.1,-1.28,-0.08
60.2,0.53,0.79
60.3,-0.69,0.74
60.3,0.32,1.37
60.3,-0.72,0.62
60.3,-4.42,-1.37
60.4,1.27,0.21
60.5,0.17,0.78
60.5,-2.21,0.19
60.5,-0.25,0.23
60.5,-4.42,-0.53
60.5,-0.69,0.81
60.5,-0.53,1.32
60.5,-0.80,0.53
60.5,0.71,-0.02
60.6,-0.64,1.13
60.6,-0.64,0.96
60.6,-0.57,1.17
60.7,-0.48,0.37
60.7,2.41,1.68
60.8,-0.59,0.86
60.8,-1.48,0.70
60.9,0.37,0.66
61.0,0.52,0.93
61.0,-4.42,-2.17
61.1,1.12,1.30
61.1,0.13,-0.64
61.2,1.06,0.57
61.2,0.77,0.65
61.3,0.06,0.71
61.4,-0.17,0.47
61.4,-0.25,1.26
61.4,0.94,1.26
61.4,-1.28,0.19
61.6,0.37,-1.25
61.6,0.42,0.77
61.7,0.33,-0.08
61.7,-0.69,0.51
61.7,0.50,1.29
61.7,1.44,1.23
61.8,0.67,0.09
61.8,-0.19,0.87
61.8,-1.28,0.60
61.8,-0.34,0.44
61.9,-0.69,0.07
61.9,0.21,0.67
62.0,0.06,0.67
62.0,0.33,0.85
62.1,-0.61,0.91
62.2,1.39,1.10
62.3,0.25,0.43
62.3,0.87,0.43
62.4,0.67,0.87
62.4,-0.69,-0.11
62.5,0.09,1.12
62.5,-0.21,0.78
62.5,0.89,0.54
62.5,-4.42,-3.73
62.6,-0.48,0.42
62.6,-4.42,-0.11
62.7,0.47,0.69
62.7,0.37,1.15
62.8,-4.42,-5.77
62.8,0.52,1.71
62.9,-0.69,0.80
62.9,0.29,0.23
63.0,-0.48,0.06
63.1,-0.27,1.02
63.1,-0.27,0.32
63.1,0.67,0.42
63.2,-0.69,-2.38
63.3,-0.69,-4.56
63.4,0.17,0.69
63.4,0.67,1.20
63.6,-1.02,0.70
63.6,-0.26,0.50
63.6,0.40,0.44
63.6,0.00,-0.15
63.6,-0.82,0.81
63.7,-2.05,-0.03
63.7,0.59,-4.35
63.8,0.67,1.13
63.8,0.63,0.41
63.8,0.71,1.41
63.9,-4.42,-10.32
63.9,-0.69,-1.00
63.9,1.27,1.42
63.9,-1.62,-5.28
63.9,-4.42,-0.78
64.1,0.71,0.80
64.2,-1.26,-0.20
64.3,-0.69,-9.07
64.3,0.33,1.07
64.3,-2.21,-0.40
64.3,0.92,1.17
64.3,-1.28,0.37
64.5,-1.62,0.48
64.6,-1.28,-0.16
64.6,-0.21,0.53
64.6,0.33,1.25
64.6,1.06,0.89
64.8,0.29,1.27
64.8,-0.64,-4.78
64.8,-1.28,0.57
64.9,-0.55,0.14
65.0,-1.70,-0.27
65.1,-1.26,0.17
65.1,1.53,0.43
65.2,-0.02,1.06
65.2,-0.30,0.30
65.4,-0.82,0.19
65.4,-0.40,0.92
65.5,1.06,1.31
65.5,0.94,0.60
65.7,0.52,1.50
65.8,-0.76,0.75
65.8,0.37,0.44
65.8,-0.25,0.56
66.1,0.82,0.79
66.2,0.08,0.49
66.3,-0.45,0.07
66.3,-1.48,0.60
66.3,0.45,1.41
66.4,0.33,0.86
66.4,1.91,1.99
66.4,-4.42,-6.00
66.4,-0.37,0.84
66.5,-0.37,0.44
66.5,0.23,1.22
66.6,-4.42,-0.52
66.7,-0.59,0.83
66.8,0.77,1.21
66.8,-4.42,-10.32
66.9,0.21,0.98
66.9,1.03,0.95
67.0,1.06,1.08
67.0,0.21,0.79
67.1,-3.53,-0.27
67.1,-0.59,0.77
67.2,0.37,-4.58
67.2,-1.08,0.95
67.2,0.57,0.36
67.3,-0.37,0.15
67.3,0.53,1.11
67.3,0.12,0.64
67.3,1.70,-2.62
67.4,0.29,0.84
67.4,-2.21,0.32
67.5,2.08,1.94
67.6,-0.14,1.04
67.8,0.82,0.96
67.9,0.40,0.49
68.0,-1.42,0.02
68.1,0.01,0.73
68.2,0.12,1.25
68.2,-1.26,0.05
68.2,-0.01,0.29
68.4,-0.61,0.86
68.4,0.37,0.37
68.4,0.75,1.08
68.5,-0.27,0.54
68.5,-1.28,-0.11
68.6,1.59,0.54
68.6,-4.42,-5.88
68.7,-4.42,-6.41
68.7,-0.69,-9.07
68.7,1.91,-3.79
68.9,0.02,0.46
68.9,-0.69,0.67
68.9,0.50,0.59
68.9,-4.42,-1.82
69.1,2.92,2.26
69.5,0.00,0.90
69.5,0.67,1.24
69.7,-2.55,-0.40
69.8,-2.43,-0.01
69.9,1.53,1.44
70.0,-0.30,0.75
70.0,-0.69,0.14
70.0,1.00,1.44
70.2,1.23,1.39
70.7,-0.21,0.22
70.8,-0.48,0.59
70.9,-4.42,-0.21
71.1,0.97,1.05
71.2,-1.15,-5.11
71.4,0.33,0.89
71.5,-1.05,0.98
71.5,0.21,1.19
71.6,-1.26,0.10
71.6,-4.42,-10.32
71.7,-4.42,-10.32
71.9,-0.80,0.37
72.0,-2.43,0.13
72.0,-0.69,-4.77
72.1,-0.69,0.96
72.2,-0.26,0.48
72.2,-4.42,-1.59
72.3,0.50,1.56
72.4,0.37,0.71
72.6,1.91,1.56
73.0,0.01,1.25
73.6,-4.42,-7.17
73.9,0.33,0.56
74.8,1.91,1.20
75.0,-0.59,-5.16
75.5,-4.42,-0.56
76.0,-1.26,-0.60
76.1,-1.28,0.55
76.2,1.23,0.76
76.7,-4.42,-0.43
76.9,1.59,1.85
77.0,1.91,1.74
77.5,-4.42,-6.28
77.5,1.06,1.17
78.1,0.92,1.61
78.6,-0.08,1.06
78.7,1.23,1.49
78.8,0.42,0.10
79.5,-1.26,-9.26
80.0,-4.42,-1.05
81.4,-0.69,0.66
83.4,1.70,1.22
86.9,-4.42,-7.21
89.0,-1.44,0.44
91.7,-4.42,-0.94
